buyer_id,country_code,primary_supplier_id,first_invoice_date,last_invoice_date,total_invoices,total_invoiced_amount,buyer_record_source,behavioural_segment,open_invoice_count,open_exposure_amount,credit_limit,discount_responsiveness
0187-ERLSR,391,SUP-02,2012-03-29,2015-04-10,28,1903.36,real,reliable,1,52.93,300.0,0.307
0257-LSRKO,391,SUP-02,2014-04-20,2015-03-20,15,806.92,synthetic,occasionally_late,4,211.12,350.0,0.679
0379-NEVHP,391,SUP-04,2012-02-12,2015-04-04,57,3183.38,real,occasionally_late,2,136.3,400.0,0.456
0465-DTULQ,770,SUP-01,2012-01-04,2015-04-09,44,2278.28,real,occasionally_late,1,60.18,600.0,0.363
0600-KWCGU,391,SUP-03,2014-02-07,2015-04-11,30,1538.79,synthetic,reliable,3,197.84,350.0,0.528
0625-TNJFG,770,SUP-03,2012-02-24,2015-03-25,51,2943.22,real,reliable,1,77.89,550.0,0.375
0688-XNJRO,897,SUP-02,2012-01-12,2015-04-15,60,2136.04,real,frequently_late,9,337.21,750.0,0.459
0706-NRGUP,770,SUP-03,2012-03-13,2015-03-21,31,905.75,real,frequently_late,0,0.0,300.0,0.266
0709-LZRJV,391,SUP-04,2012-02-19,2015-04-15,45,2309.21,real,occasionally_late,3,152.17,600.0,0.497
0783-PEPYR,406,SUP-03,2012-01-08,2015-04-08,38,2496.79,real,frequently_late,3,173.09,450.0,0.718
1080-NDGAE,391,SUP-01,2012-01-05,2015-04-15,58,5029.1,real,mostly_on_time,4,394.88,950.0,0.359
1168-BEASA,897,SUP-03,2012-02-29,2015-01-28,44,2213.7,real,occasionally_late,0,0.0,550.0,0.559
1179-YTQQT,818,SUP-04,2014-01-11,2015-04-15,14,569.07,synthetic,chronic_late,1,50.46,350.0,0.801
1408-OQZUE,897,SUP-04,2012-02-13,2015-03-25,41,1945.88,real,frequently_late,3,185.23,500.0,0.649
1447-YZKCL,406,SUP-02,2012-02-08,2015-01-19,33,2338.75,real,frequently_late,0,0.0,450.0,0.324
1481-LVYLA,770,SUP-03,2014-05-10,2015-01-29,12,1056.1,synthetic,reliable,0,0.0,500.0,0.326
1604-LIFKX,818,SUP-02,2012-01-03,2015-04-02,48,3276.33,real,frequently_late,6,432.8,950.0,0.615
2026-XLBER,770,SUP-04,2012-01-09,2015-04-15,42,2397.21,real,reliable,3,183.42,400.0,0.712
2125-HJDLA,391,SUP-01,2012-02-11,2015-02-28,36,1933.43,real,frequently_late,3,183.26,450.0,0.786
2221-BXWZK,897,SUP-01,2014-05-21,2015-03-09,13,856.07,synthetic,occasionally_late,0,0.0,550.0,0.496
2391-FUWCT,406,SUP-01,2013-12-14,2015-04-11,28,1369.31,synthetic,reliable,1,43.06,300.0,0.436
2423-QOKIO,391,SUP-02,2012-01-27,2015-04-15,36,2428.31,real,occasionally_late,6,386.8,800.0,0.677
2447-JCFGW,770,SUP-03,2012-03-21,2015-03-12,42,2167.57,real,reliable,1,44.91,350.0,0.257
2530-HCIPN,818,SUP-02,2014-05-24,2015-03-11,12,907.81,synthetic,chronic_late,2,102.38,500.0,0.729
2621-XCLEH,406,SUP-01,2012-01-13,2015-04-09,33,2493.71,real,chronic_late,4,270.15,600.0,0.95
2676-DZINU,391,SUP-04,2012-01-20,2015-01-28,41,2674.15,real,reliable,0,0.0,500.0,0.351
2687-XWAMA,770,SUP-02,2012-01-21,2015-03-23,54,2804.71,real,reliable,1,60.94,300.0,0.396
2820-XGXSB,391,SUP-02,2012-02-03,2015-03-19,41,3154.92,real,reliable,0,0.0,400.0,0.326
2824-HJQPP,818,SUP-04,2012-02-02,2015-04-12,50,3211.23,real,reliable,2,112.02,650.0,0.723
3123-WAIIS,818,SUP-02,2014-06-09,2015-04-15,12,604.86,synthetic,reliable,1,45.99,300.0,0.386
3173-CCTYU,391,SUP-03,2014-03-18,2015-04-01,19,677.65,synthetic,reliable,0,0.0,300.0,0.393
3186-OBGGV,391,SUP-01,2014-05-03,2015-04-07,20,1121.43,synthetic,reliable,0,0.0,300.0,0.05
3271-HYHDN,818,SUP-01,2012-02-07,2015-03-10,33,1630.03,real,reliable,1,62.7,300.0,0.535
3271-YDPUJ,897,SUP-02,2012-02-04,2015-04-03,31,1350.52,real,occasionally_late,1,48.22,300.0,0.731
3363-PKTFU,770,SUP-02,2014-02-15,2015-04-12,21,1249.68,synthetic,chronic_late,5,293.01,800.0,0.574
3448-OWJOT,406,SUP-02,2012-01-15,2015-02-23,51,3634.95,real,chronic_late,2,154.82,900.0,0.87
3568-JJMFW,818,SUP-03,2012-02-21,2015-04-08,51,3600.51,real,mostly_on_time,3,179.55,600.0,0.477
3569-VJWXS,391,SUP-03,2012-01-27,2015-02-26,38,2162.49,real,occasionally_late,0,0.0,350.0,0.698
3598-DNURW,391,SUP-01,2012-01-26,2015-02-20,33,2152.19,real,reliable,0,0.0,400.0,0.134
3599-YAWEQ,897,SUP-04,2014-02-05,2015-02-25,12,947.82,synthetic,chronic_late,0,0.0,400.0,0.706
3676-CQAIF,897,SUP-04,2012-01-15,2015-04-10,30,1307.12,real,frequently_late,1,77.38,450.0,0.432
3831-FXWYK,770,SUP-04,2012-02-10,2015-04-11,53,3716.06,real,frequently_late,2,105.82,700.0,0.546
3993-QUNVJ,770,SUP-01,2012-01-03,2015-03-02,44,2828.42,real,reliable,1,55.38,500.0,0.687
4092-ZAVRG,406,SUP-04,2012-01-04,2015-04-15,37,2761.52,real,reliable,1,77.81,300.0,0.466
4460-ZXNDN,770,SUP-03,2012-03-25,2015-04-13,51,3405.43,real,chronic_late,4,247.21,900.0,0.598
4632-QZOKX,406,SUP-01,2012-02-14,2015-04-11,26,1479.31,real,chronic_late,3,159.53,600.0,0.678
4640-FGEJI,406,SUP-03,2012-01-11,2015-03-10,61,4580.01,real,occasionally_late,2,152.64,650.0,0.527
4651-PMEXQ,406,SUP-01,2012-01-09,2015-04-08,40,3170.66,real,reliable,2,191.79,450.0,0.605
4906-YSTHT,770,SUP-04,2014-05-04,2015-03-24,14,909.61,synthetic,reliable,1,74.31,600.0,0.687
5148-SYKLB,818,SUP-02,2012-01-16,2015-03-20,34,2683.89,real,chronic_late,1,78.83,650.0,0.619
5164-VMYWJ,406,SUP-02,2012-01-03,2015-04-07,52,3677.04,real,occasionally_late,3,247.57,850.0,0.448
5196-TWQXF,391,SUP-02,2012-02-25,2015-03-27,69,3778.19,real,reliable,2,108.91,750.0,0.732
5284-DJOZO,406,SUP-04,2012-01-13,2015-04-15,57,3873.32,real,reliable,2,122.92,450.0,0.502
5496-BGFOY,770,SUP-02,2014-05-17,2015-03-18,13,939.74,synthetic,reliable,0,0.0,550.0,0.486
5529-TBPGK,391,SUP-04,2012-03-17,2015-03-20,43,2591.44,real,frequently_late,2,91.16,550.0,0.516
5545-RBNRX,406,SUP-01,2014-06-01,2015-02-15,12,734.77,synthetic,frequently_late,2,102.12,400.0,0.58
5573-KSOIA,406,SUP-01,2012-01-20,2015-04-14,47,3731.06,real,frequently_late,3,226.19,1000.0,0.533
5592-UQXSS,770,SUP-04,2012-02-02,2015-03-26,46,2036.46,real,occasionally_late,2,75.65,500.0,0.47
5613-UHVMG,818,SUP-03,2012-01-24,2015-04-14,38,2319.23,real,chronic_late,2,114.95,750.0,0.522
5661-TVDYF,770,SUP-01,2014-03-18,2015-02-28,13,417.39,synthetic,reliable,2,79.19,300.0,0.341
5682-GYJCW,897,SUP-03,2014-03-17,2015-04-15,24,1382.22,synthetic,occasionally_late,2,126.85,800.0,0.772
5875-VZQCZ,818,SUP-03,2012-01-13,2015-03-16,39,2736.86,real,occasionally_late,2,127.06,550.0,0.662
5920-DPXLN,391,SUP-03,2012-02-17,2015-04-11,55,3145.35,real,reliable,2,121.69,400.0,0.41
5924-UOPGH,818,SUP-03,2012-01-30,2015-04-15,48,3836.89,real,occasionally_late,5,392.11,850.0,0.37
6004-KITZM,818,SUP-02,2012-03-10,2015-02-26,32,2007.51,real,reliable,0,0.0,300.0,0.248
6048-QPZCF,406,SUP-02,2012-01-21,2015-04-13,53,4124.14,real,mostly_on_time,2,127.29,550.0,0.419
6077-FDQRK,770,SUP-02,2012-01-08,2015-04-12,51,2225.14,real,reliable,1,48.78,300.0,0.05
6160-HCSFI,391,SUP-03,2012-01-13,2015-04-08,62,4411.63,real,reliable,4,278.91,800.0,0.579
6177-VTITE,897,SUP-04,2012-02-06,2015-04-15,36,1624.55,real,reliable,1,60.01,300.0,0.373
6296-UKEUZ,897,SUP-04,2012-03-16,2015-04-15,31,1056.2,real,reliable,1,28.59,300.0,0.309
6391-GBFQJ,897,SUP-01,2012-02-09,2015-04-03,35,660.25,real,occasionally_late,2,40.46,300.0,0.819
6479-UNZAP,818,SUP-03,2014-04-21,2015-01-26,17,1111.28,synthetic,chronic_late,0,0.0,950.0,0.489
6627-ELFBK,818,SUP-04,2012-01-06,2015-04-09,56,3719.2,real,occasionally_late,3,185.6,750.0,0.618
6632-CGYHU,391,SUP-02,2012-01-29,2015-03-08,34,2725.41,real,reliable,0,0.0,300.0,0.623
6708-DPYTF,391,SUP-03,2012-01-03,2015-03-09,55,4224.77,real,frequently_late,6,459.21,1000.0,0.505
6831-FIODB,770,SUP-02,2012-01-15,2015-04-15,44,1926.14,real,occasionally_late,5,220.98,500.0,0.671
6833-ETVHD,406,SUP-01,2012-01-10,2015-03-28,54,3855.61,real,reliable,1,59.89,550.0,0.149
7050-KQLDO,770,SUP-01,2012-01-28,2015-04-15,40,2436.12,real,reliable,2,123.35,450.0,0.914
7084-LDEKY,897,SUP-04,2013-12-27,2015-04-06,19,837.92,synthetic,occasionally_late,1,45.87,350.0,0.442
7209-MDWKR,391,SUP-01,2012-01-21,2015-04-15,47,2978.22,real,frequently_late,4,266.56,600.0,0.54
7228-LEPPM,770,SUP-04,2012-01-23,2015-04-03,51,2647.06,real,frequently_late,6,302.92,650.0,0.467
7245-CKNCN,406,SUP-04,2012-01-04,2015-04-07,31,2395.02,real,reliable,1,77.38,450.0,0.668
7260-ZHAKS,770,SUP-01,2012-03-07,2015-03-17,43,2921.71,real,reliable,0,0.0,550.0,0.388
7329-TWKLF,391,SUP-03,2012-01-09,2015-03-08,46,3607.65,real,reliable,0,0.0,400.0,0.377
7372-CESLR,897,SUP-02,2012-01-10,2015-04-14,43,1582.37,real,reliable,2,78.94,300.0,0.721
7382-GITUS,391,SUP-04,2014-04-22,2015-04-12,12,507.08,synthetic,reliable,1,39.1,300.0,0.585
7600-OISKG,406,SUP-03,2012-02-11,2015-04-15,37,2356.19,real,mostly_on_time,1,70.11,850.0,0.423
7654-DOLHO,897,SUP-03,2012-02-01,2015-02-28,41,1316.03,real,reliable,1,22.75,350.0,0.154
7695-NKUXM,818,SUP-03,2012-02-14,2015-02-23,32,1608.39,real,reliable,0,0.0,300.0,0.24
7758-WKLVM,770,SUP-03,2012-02-15,2015-03-05,44,2763.16,real,frequently_late,2,85.25,850.0,0.95
7841-HROAQ,391,SUP-02,2012-02-01,2014-10-28,40,2742.61,real,occasionally_late,0,0.0,400.0,0.469
7856-ODQFO,770,SUP-02,2012-02-13,2015-04-08,64,3063.35,real,occasionally_late,2,88.39,500.0,0.408
7897-QFEIN,391,SUP-01,2014-05-03,2015-04-09,12,1098.74,synthetic,reliable,0,0.0,300.0,0.494
7938-EVASK,406,SUP-01,2012-01-16,2015-03-15,35,2419.52,real,frequently_late,1,70.61,650.0,0.347
7946-HJDUR,818,SUP-01,2012-03-29,2015-03-24,53,2676.65,real,occasionally_late,0,0.0,550.0,0.889
7989-POVCU,770,SUP-01,2014-05-08,2015-02-28,13,720.28,synthetic,frequently_late,5,299.4,750.0,0.429
8102-ABPKQ,818,SUP-04,2012-01-25,2015-04-06,42,2648.55,real,chronic_late,4,296.35,650.0,0.765
8112-QSKBW,406,SUP-02,2014-01-31,2015-04-13,25,1822.19,synthetic,mostly_on_time,2,157.96,550.0,0.471
8156-PCYBM,391,SUP-02,2012-01-17,2015-03-14,55,3606.55,real,occasionally_late,3,184.22,750.0,0.508
8364-UWVLM,818,SUP-01,2012-01-06,2015-03-27,35,2685.77,real,occasionally_late,3,213.87,450.0,0.712
8389-TCXFQ,406,SUP-01,2012-01-22,2015-04-04,71,4654.37,real,occasionally_late,3,204.62,1000.0,0.408
8546-DGDDF,818,SUP-02,2014-02-18,2015-03-24,20,1419.12,synthetic,frequently_late,4,268.96,700.0,0.598
8690-EEBEO,897,SUP-03,2012-01-29,2015-04-12,50,3084.45,real,frequently_late,3,192.98,600.0,0.741
8725-ITSZH,818,SUP-02,2014-01-22,2015-02-27,20,1341.5,synthetic,reliable,0,0.0,700.0,0.552
8820-BLYDZ,391,SUP-02,2012-01-06,2015-03-21,39,2858.81,real,reliable,0,0.0,450.0,0.466
8887-NCUZC,818,SUP-01,2012-01-03,2015-04-15,66,2224.36,real,frequently_late,2,37.82,500.0,0.465
8942-ERSWK,897,SUP-04,2012-01-25,2015-03-06,50,1229.37,real,reliable,0,0.0,300.0,0.593
8973-WLBLV,770,SUP-04,2014-01-31,2015-02-28,17,509.94,synthetic,reliable,0,0.0,300.0,0.52
8976-AMJEO,406,SUP-01,2012-01-15,2015-04-06,43,2957.82,real,occasionally_late,2,144.17,600.0,0.756
8988-HAJQQ,406,SUP-03,2014-01-24,2015-04-15,23,1316.83,synthetic,frequently_late,4,241.99,500.0,0.802
8991-YPLDT,897,SUP-04,2014-04-04,2015-03-19,20,1407.25,synthetic,occasionally_late,1,84.48,600.0,0.393
9014-WENVB,391,SUP-04,2012-01-17,2015-03-18,39,2470.63,real,occasionally_late,1,67.82,500.0,0.868
9034-ANITG,406,SUP-03,2014-03-19,2015-04-15,16,963.67,synthetic,occasionally_late,4,275.1,500.0,0.693
9082-NYDDZ,391,SUP-03,2014-01-03,2015-03-03,13,894.2,synthetic,reliable,1,80.95,700.0,0.486
9117-LYRCE,406,SUP-02,2012-01-25,2015-04-03,46,2583.25,real,frequently_late,5,329.97,650.0,0.669
9149-MATVB,770,SUP-01,2012-04-01,2015-04-11,71,3300.29,real,reliable,4,162.44,450.0,0.357
9174-IYKOC,391,SUP-01,2012-02-24,2015-03-26,52,3243.42,real,occasionally_late,1,53.59,450.0,0.628
9181-HEKGV,818,SUP-04,2012-01-27,2015-04-12,47,3568.19,real,chronic_late,6,458.83,950.0,0.665
9212-BTDMX,391,SUP-01,2012-01-16,2015-03-20,53,3007.99,real,reliable,0,0.0,350.0,0.428
9250-VHLWY,897,SUP-02,2012-02-20,2015-03-26,46,2349.99,real,reliable,4,182.72,300.0,0.58
9286-VLKMI,897,SUP-04,2012-01-31,2015-04-09,55,3048.81,real,reliable,1,52.96,350.0,0.597
9322-YCTQO,406,SUP-04,2012-01-29,2015-04-07,31,2737.57,real,frequently_late,2,178.38,550.0,0.604
9323-NDIOV,770,SUP-03,2012-01-13,2015-04-08,56,3008.51,real,occasionally_late,3,180.73,500.0,0.95
9460-VAZGD,897,SUP-03,2012-01-05,2015-04-15,39,1883.25,real,reliable,1,52.69,300.0,0.256
9725-EZTEJ,406,SUP-04,2012-02-02,2015-03-13,48,3992.9,real,mostly_on_time,1,101.11,850.0,0.23
9758-AIEIK,406,SUP-04,2012-01-31,2015-02-21,38,2389.29,real,occasionally_late,0,0.0,350.0,0.715
9771-QTLGZ,406,SUP-04,2012-01-20,2015-04-02,39,2007.33,real,mostly_on_time,2,103.07,300.0,0.495
9841-XLGBV,391,SUP-03,2012-01-09,2015-03-03,36,1520.04,real,reliable,0,0.0,350.0,0.66
9883-SDWFS,897,SUP-01,2012-01-07,2015-04-10,56,1803.24,real,chronic_late,4,138.65,400.0,0.689
9928-IJYBQ,770,SUP-02,2012-01-07,2015-04-10,36,2013.06,real,frequently_late,2,97.66,500.0,0.583
