date,inflow_actual,outflow_actual,net_cash_flow,opening_balance,closing_balance,outstanding_receivables,is_weekend,min_cash_buffer,liquidity_gap
2012-01-01,0.0,889.05,-889.05,12000.0,11110.95,0.0,1,8843.5,0.0
2012-01-02,0.0,0.0,0.0,11110.95,11110.95,0.0,0,8843.5,0.0
2012-01-03,0.0,0.0,0.0,11110.95,11110.95,290.68,0,8843.5,0.0
2012-01-04,0.0,0.0,0.0,11110.95,11110.95,489.51,0,8843.5,0.0
2012-01-05,0.0,0.0,0.0,11110.95,11110.95,600.08,0,8843.5,0.0
2012-01-06,0.0,1389.18,-1389.18,11110.95,9721.77,795.54,0,8843.5,0.0
2012-01-07,0.0,0.0,0.0,9721.77,9721.77,920.79,1,8843.5,0.0
2012-01-08,0.0,0.0,0.0,9721.77,9721.77,1013.55,1,8843.5,0.0
2012-01-09,0.0,0.0,0.0,9721.77,9721.77,1336.06,0,8843.5,0.0
2012-01-10,0.0,0.0,0.0,9721.77,9721.77,1462.92,0,8843.5,0.0
2012-01-11,0.0,0.0,0.0,9721.77,9721.77,1620.4,0,8843.5,0.0
2012-01-12,0.0,0.0,0.0,9721.77,9721.77,1684.59,0,8843.5,0.0
2012-01-13,75.21,3.72,71.49,9721.77,9793.26,1983.91,0,8843.5,0.0
2012-01-14,0.0,0.22,-0.22,9793.26,9793.04,2142.7,1,8843.5,0.0
2012-01-15,0.0,1430.01,-1430.01,9793.04,8363.03,2343.23,1,8843.5,480.47
2012-01-16,78.05,4.11,73.94,8363.03,8436.97,2617.43,0,8843.5,406.53
2012-01-17,0.0,4.65,-4.65,8436.97,8432.33,2754.57,0,8843.5,411.17
2012-01-18,0.0,2.66,-2.66,8432.33,8429.67,2906.59,0,8843.5,413.83
2012-01-19,32.28,3.48,28.8,8429.67,8458.47,2918.08,0,8843.5,385.03
2012-01-20,0.0,1326.35,-1326.35,8458.47,7132.12,3184.11,0,8843.5,1711.38
2012-01-21,0.0,0.41,-0.41,7132.12,7131.71,3463.04,1,8423.07,1291.36
2012-01-22,0.0,0.33,-0.33,7131.71,7131.38,3535.53,1,8040.72,909.34
2012-01-23,128.76,4.94,123.82,7131.38,7255.2,3572.2,0,7698.65,443.45
2012-01-24,0.0,4.62,-4.62,7255.2,7250.58,3775.23,0,7384.61,134.03
2012-01-25,0.0,3.13,-3.13,7250.58,7247.45,3871.79,0,7093.6,0.0
2012-01-26,0.0,2.76,-2.76,7247.45,7244.69,4017.32,0,6824.49,0.0
2012-01-27,111.3,5.3,106.0,7244.69,7350.69,4253.19,0,6578.6,0.0
2012-01-28,67.71,0.83,66.88,7350.69,7417.57,4384.79,1,6344.69,0.0
2012-01-29,0.0,0.59,-0.59,7417.57,7416.98,4668.48,1,6126.62,0.0
2012-01-30,199.86,6.26,193.6,7416.98,7610.57,4741.65,0,5929.7,0.0
2012-01-31,72.06,10.59,61.47,7610.57,7672.05,4893.59,0,5750.38,0.0
2012-02-01,102.85,980.55,-877.7,7672.05,6794.35,5118.98,0,6643.15,0.0
2012-02-02,32.78,10.5,22.28,6794.35,6816.64,5275.41,0,6452.98,0.0
2012-02-03,160.72,1288.09,-1127.37,6816.64,5689.26,5266.32,0,7589.16,1899.9
2012-02-04,289.84,1.1,288.74,5689.26,5978.0,5164.59,1,7373.43,1395.43
2012-02-05,78.92,0.98,77.94,5978.0,6055.94,5085.67,1,7169.57,1113.63
2012-02-06,185.39,10.3,175.09,6055.94,6231.03,5089.62,0,6985.54,754.51
2012-02-07,0.0,21.61,-21.61,6231.03,6209.41,5484.47,0,6821.61,612.2
2012-02-08,193.84,15.24,178.6,6209.41,6388.01,5524.56,0,6660.37,272.36
2012-02-09,47.02,19.9,27.12,6388.01,6415.13,5537.3,0,6511.28,96.15
2012-02-10,331.41,19.14,312.27,6415.13,6727.4,5270.43,0,6368.8,0.0
2012-02-11,372.8,3.73,369.07,6727.4,7096.47,5251.76,1,6220.28,0.0
2012-02-12,83.15,4.07,79.08,7096.47,7175.55,5266.25,1,6078.93,0.0
2012-02-13,239.04,23.95,215.09,7175.55,7390.63,5372.51,0,5959.82,0.0
2012-02-14,64.87,31.97,32.9,7390.63,7423.53,5705.69,0,5852.25,0.0
2012-02-15,200.04,24.96,175.08,7423.53,7598.61,5562.01,0,5744.02,0.0
2012-02-16,250.8,43.28,207.52,7598.61,7806.13,5718.82,0,5654.03,0.0
2012-02-17,70.45,1407.27,-1336.82,7806.13,6469.31,5891.73,0,6562.38,93.07
2012-02-18,43.62,5.29,38.33,6469.31,6507.64,6003.62,1,6432.23,0.0
2012-02-19,255.23,4.17,251.06,6507.64,6758.69,5979.66,1,6306.5,0.0
2012-02-20,413.36,24.82,388.54,6758.69,7147.23,5693.9,0,6199.88,0.0
2012-02-21,153.67,44.31,109.36,7147.23,7256.59,5823.27,0,6110.48,0.0
2012-02-22,142.06,56.62,85.44,7256.59,7342.04,5915.26,0,6032.57,0.0
2012-02-23,221.5,53.78,167.72,7342.04,7509.76,5844.43,0,5955.72,0.0
2012-02-24,64.19,30.65,33.54,7509.76,7543.3,6012.19,0,5866.94,0.0
2012-02-25,104.03,5.88,98.15,7543.3,7641.45,6230.1,1,5765.84,0.0
2012-02-26,78.33,5.06,73.27,7641.45,7714.72,6208.19,1,5667.8,0.0
2012-02-27,0.0,64.54,-64.54,7714.72,7650.19,6369.54,0,5609.02,0.0
2012-02-28,214.87,70.5,144.37,7650.19,7794.56,6274.07,0,5555.78,0.0
2012-02-29,412.56,47.23,365.33,7794.56,8159.88,6015.31,0,5490.73,0.0
2012-03-01,156.22,970.98,-814.76,8159.88,7345.13,5964.28,0,5957.84,0.0
2012-03-02,0.0,1327.14,-1327.14,7345.13,6017.99,6227.05,0,6610.94,592.95
2012-03-03,229.33,5.35,223.98,6017.99,6241.97,6241.55,1,6508.97,267.0
2012-03-04,109.59,5.46,104.13,6241.97,6346.11,6385.01,1,6410.26,64.15
2012-03-05,122.21,46.43,75.78,6346.11,6421.89,6455.19,0,6336.64,0.0
2012-03-06,205.96,35.02,170.94,6421.89,6592.83,6417.09,0,6259.2,0.0
2012-03-07,218.4,32.9,185.5,6592.83,6778.33,6372.21,0,6182.96,0.0
2012-03-08,194.82,63.07,131.75,6778.33,6910.08,6332.96,0,6124.5,0.0
2012-03-09,56.2,65.13,-8.93,6910.08,6901.15,6411.75,0,6068.78,0.0
2012-03-10,183.55,5.9,177.65,6901.15,7078.8,6761.51,1,5985.03,0.0
2012-03-11,178.0,5.59,172.41,7078.8,7251.21,6724.22,1,5903.49,0.0
2012-03-12,189.14,54.14,135.0,7251.21,7386.22,6602.91,0,5847.81,0.0
2012-03-13,140.23,60.94,79.29,7386.22,7465.5,6683.58,0,5796.93,0.0
2012-03-14,325.5,43.1,282.4,7465.5,7747.9,6645.6,0,5738.97,0.0
2012-03-15,212.86,42.39,170.47,7747.9,7918.37,6597.45,0,5682.24,0.0
2012-03-16,199.45,1474.17,-1274.72,7918.37,6643.65,6521.39,0,6286.36,0.0
2012-03-17,146.57,9.2,137.37,6643.65,6781.02,6633.39,1,6208.9,0.0
2012-03-18,352.38,5.54,346.84,6781.02,7127.86,6553.96,1,6131.79,0.0
2012-03-19,486.33,44.29,442.04,7127.86,7569.9,6347.11,0,6073.79,0.0
2012-03-20,194.65,2793.14,-2598.49,7569.9,4971.41,6477.59,0,7219.87,2248.46
2012-03-21,235.61,37.67,197.94,4971.41,5169.35,6509.11,0,7147.01,1977.66
2012-03-22,229.77,37.85,191.92,5169.35,5361.27,6411.71,0,7076.01,1714.74
2012-03-23,207.42,43.39,164.03,5361.27,5525.3,6441.16,0,7009.05,1483.75
2012-03-24,130.46,5.6,124.86,5525.3,5650.16,6706.89,1,6927.95,1277.79
2012-03-25,377.2,5.31,371.89,5650.16,6022.06,6442.69,1,6848.63,826.57
2012-03-26,220.09,30.05,190.04,6022.06,6212.09,6372.23,0,6781.22,569.13
2012-03-27,46.66,71.36,-24.7,6212.09,6187.39,6458.37,0,6731.98,544.59
2012-03-28,563.75,63.43,500.32,6187.39,6687.72,5988.72,0,6680.71,0.0
2012-03-29,191.73,52.2,139.53,6687.72,6827.24,6202.8,0,6626.18,0.0
2012-03-30,196.44,1365.93,-1169.49,6827.24,5657.76,6178.14,0,7083.75,1425.99
2012-03-31,262.23,5.64,256.59,5657.76,5914.35,6183.1,1,6740.2,825.85
2012-04-01,160.16,899.54,-739.38,5914.35,5174.96,6252.52,1,7090.02,1915.06
2012-04-02,140.65,50.4,90.25,5174.96,5265.22,6265.58,0,7109.62,1844.4
2012-04-03,149.02,34.44,114.58,5265.22,5379.8,6248.56,0,7123.01,1743.21
2012-04-04,318.04,45.02,273.02,5379.8,5652.82,5930.52,0,7140.52,1487.7
2012-04-05,215.12,28.92,186.2,5652.82,5839.01,5810.97,0,6611.53,772.52
2012-04-06,332.72,68.81,263.91,5839.01,6102.92,5750.96,0,6638.29,535.37
2012-04-07,239.45,9.15,230.3,6102.92,6333.22,5632.9,1,6641.85,308.63
2012-04-08,197.06,7.51,189.55,6333.22,6522.77,5863.86,1,6644.77,122.0
2012-04-09,343.89,44.32,299.57,6522.77,6822.34,5864.24,0,6662.0,0.0
2012-04-10,0.0,65.7,-65.7,6822.34,6756.64,6065.73,0,6687.56,0.0
2012-04-11,135.36,61.29,74.07,6756.64,6830.71,6118.47,0,6711.39,0.0
2012-04-12,333.6,73.63,259.97,6830.71,7090.68,5858.16,0,6738.58,0.0
2012-04-13,70.89,1350.34,-1279.45,7090.68,5811.23,6288.14,0,7263.62,1452.39
2012-04-14,134.96,8.19,126.77,5811.23,5938.0,6231.08,1,6710.69,772.69
2012-04-15,180.15,1713.99,-1533.84,5938.0,4404.15,6243.55,1,7375.65,2971.5
2012-04-16,268.59,29.61,238.98,4404.15,4643.14,6354.98,0,7385.35,2742.21
2012-04-17,227.93,37.84,190.09,4643.14,4833.23,6386.38,0,7399.04,2565.81
2012-04-18,99.58,32.7,66.88,4833.23,4900.11,6326.05,0,7410.4,2510.29
2012-04-19,175.65,31.72,143.93,4900.11,5044.04,6314.41,0,6906.93,1862.89
2012-04-20,454.88,31.11,423.77,5044.04,5467.81,5999.54,0,6918.87,1451.06
2012-04-21,275.5,4.43,271.07,5467.81,5738.88,6083.22,1,6920.46,1181.58
2012-04-22,255.2,8.54,246.66,5738.88,5985.54,6015.04,1,6921.86,936.32
2012-04-23,148.8,66.52,82.28,5985.54,6067.82,5996.42,0,6945.94,878.12
2012-04-24,223.32,76.78,146.54,6067.82,6214.36,6032.7,0,6974.58,760.22
2012-04-25,267.48,57.92,209.56,6214.36,6423.92,5839.12,0,6996.03,572.11
2012-04-26,307.75,59.68,248.07,6423.92,6671.99,5778.13,0,7017.18,345.19
2012-04-27,10.47,1384.51,-1374.04,6671.99,5297.95,5917.42,0,7555.28,2257.33
2012-04-28,291.9,6.42,285.48,5297.95,5583.44,5736.48,1,7557.54,1974.1
2012-04-29,81.2,6.07,75.13,5583.44,5658.56,5908.32,1,7557.47,1898.91
2012-04-30,204.25,40.51,163.74,5658.56,5822.3,5944.56,0,7569.1,1746.8
2012-05-01,235.48,974.94,-739.46,5822.3,5082.85,5859.03,0,7566.92,2484.07
2012-05-02,83.74,25.54,58.2,5082.85,5141.04,6406.65,0,7572.77,2431.73
2012-05-03,159.99,39.69,120.3,5141.04,5261.34,6430.32,0,7087.28,1825.94
2012-05-04,221.37,20.53,200.84,5261.34,5462.18,6208.95,0,7094.84,1632.66
2012-05-05,268.22,4.12,264.1,5462.18,5726.28,6197.95,1,7096.06,1369.78
2012-05-06,220.57,3.99,216.58,5726.28,5942.86,6181.41,1,7093.61,1150.75
2012-05-07,310.68,34.94,275.74,5942.86,6218.6,6132.43,0,7098.79,880.19
2012-05-08,250.9,49.54,201.36,6218.6,6419.96,6033.11,0,7112.13,692.17
2012-05-09,244.66,69.83,174.83,6419.96,6594.79,5807.68,0,7131.55,536.76
2012-05-10,152.18,53.84,98.34,6594.79,6693.13,5836.83,0,7145.04,451.91
2012-05-11,72.78,1362.62,-1289.84,6693.13,5403.28,5960.24,0,7673.5,2270.22
2012-05-12,267.12,4.29,262.83,5403.28,5666.11,6012.27,1,7673.58,2007.47
2012-05-13,130.68,5.14,125.54,5666.11,5791.65,5937.84,1,7666.27,1874.62
2012-05-14,310.05,54.66,255.39,5791.65,6047.04,5760.74,0,7675.09,1628.05
2012-05-15,265.86,39.73,226.13,6047.04,6273.17,5729.44,0,7680.84,1407.67
2012-05-16,353.69,55.33,298.36,6273.17,6571.53,5596.66,0,7685.52,1113.99
2012-05-17,85.0,54.79,30.21,6571.53,6601.74,5740.54,0,7159.56,557.82
2012-05-18,434.73,82.39,352.34,6601.74,6954.08,5305.81,0,7189.54,235.46
2012-05-19,73.3,5.97,67.33,6954.08,7021.41,5451.58,1,7190.24,168.83
2012-05-20,129.78,7.45,122.33,7021.41,7143.74,5652.46,1,7183.49,39.75
2012-05-21,233.26,64.58,168.68,7143.74,7312.42,5887.23,0,7191.37,0.0
2012-05-22,358.89,64.15,294.74,7312.42,7607.16,5753.08,0,7194.3,0.0
2012-05-23,379.47,69.64,309.83,7607.16,7916.99,5802.19,0,7200.46,0.0
2012-05-24,328.49,26.67,301.82,7916.99,8218.81,5581.61,0,7198.92,0.0
2012-05-25,138.68,1425.92,-1287.24,8218.81,6931.57,5739.6,0,7751.15,819.58
2012-05-26,151.0,8.9,142.1,6931.57,7073.67,5633.56,1,7752.65,678.98
2012-05-27,0.0,9.05,-9.05,7073.67,7064.61,5838.97,1,7731.07,666.46
2012-05-28,235.59,32.06,203.53,7064.61,7268.15,5978.28,0,7716.12,447.97
2012-05-29,97.19,53.83,43.36,7268.15,7311.51,6240.66,0,7718.69,407.18
2012-05-30,449.14,65.8,383.34,7311.51,7694.85,5902.5,0,7366.67,0.0
2012-05-31,100.85,71.53,29.32,7694.85,7724.17,6042.61,0,6878.38,0.0
2012-06-01,172.06,1016.37,-844.31,7724.17,6879.86,6285.16,0,7271.55,391.69
2012-06-02,175.78,6.12,169.66,6879.86,7049.51,6183.33,1,7271.81,222.3
2012-06-03,156.96,8.88,148.08,7049.51,7197.59,6061.67,1,7257.21,59.62
2012-06-04,126.35,78.39,47.96,7197.59,7245.55,6077.87,0,7274.07,28.52
2012-06-05,201.16,67.04,134.12,7245.55,7379.68,6197.5,0,7287.35,0.0
2012-06-06,218.25,60.99,157.26,7379.68,7536.93,6276.06,0,7286.54,0.0
2012-06-07,225.08,62.49,162.59,7536.93,7699.53,6210.91,0,7285.51,0.0
2012-06-08,269.68,1421.1,-1151.42,7699.53,6548.11,5941.23,0,7835.87,1287.76
2012-06-09,198.84,6.61,192.23,6548.11,6740.34,6158.43,1,7836.27,1095.93
2012-06-10,246.77,7.93,238.84,6740.34,6979.17,6237.43,1,7818.3,839.13
2012-06-11,369.5,73.69,295.81,6979.17,7274.98,5895.11,0,7823.25,548.27
2012-06-12,501.51,54.29,447.22,7274.98,7722.2,5485.75,0,7827.61,105.41
2012-06-13,297.78,67.26,230.52,7722.2,7952.72,5351.25,0,7837.28,0.0
2012-06-14,138.73,65.73,73.0,7952.72,8025.72,5407.39,0,7289.55,0.0
2012-06-15,82.2,85.03,-2.83,8025.72,8022.9,5376.54,0,7319.04,0.0
2012-06-16,238.02,10.71,227.31,8022.9,8250.2,5421.78,1,7321.05,0.0
2012-06-17,222.45,8.33,214.12,8250.2,8464.33,5442.89,1,7307.07,0.0
2012-06-18,458.45,79.91,378.54,8464.33,8842.86,5247.2,0,6251.92,0.0
2012-06-19,165.06,114.86,50.2,8842.86,8893.07,5361.13,0,6281.94,0.0
2012-06-20,249.03,89.8,159.23,8893.07,9052.29,5288.01,0,6302.14,0.0
2012-06-21,83.22,87.2,-3.98,9052.29,9048.31,5439.01,0,6319.18,0.0
2012-06-22,53.67,1415.93,-1362.26,9048.31,7686.05,5532.48,0,6867.64,0.0
2012-06-23,134.75,8.79,125.96,7686.05,7812.01,5686.58,1,6868.99,0.0
2012-06-24,50.96,11.26,39.7,7812.01,7851.71,5769.01,1,6861.69,0.0
2012-06-25,98.97,53.81,45.16,7851.71,7896.87,5741.39,0,6854.86,0.0
2012-06-26,274.43,73.59,200.84,7896.87,8097.71,5582.72,0,6858.81,0.0
2012-06-27,192.76,45.18,147.58,8097.71,8245.28,5634.62,0,6856.08,0.0
2012-06-28,236.95,80.4,156.55,8245.28,8401.84,5457.58,0,6356.16,0.0
2012-06-29,201.36,37.11,164.25,8401.84,8566.08,5298.84,0,6368.39,0.0
2012-06-30,73.09,8.88,64.21,8566.08,8630.3,5504.09,1,6022.03,0.0
2012-07-01,309.09,919.1,-610.01,8630.3,8020.29,5472.29,1,6359.85,0.0
2012-07-02,203.61,70.03,133.58,8020.29,8153.87,5542.69,0,6373.69,0.0
2012-07-03,122.78,92.88,29.9,8153.87,8183.77,5679.6,0,6392.31,0.0
2012-07-04,367.42,64.43,302.99,8183.77,8486.76,5593.06,0,6406.12,0.0
2012-07-05,217.6,85.71,131.89,8486.76,8618.66,5655.49,0,6412.69,0.0
2012-07-06,236.2,1397.04,-1160.84,8618.66,7457.81,5653.0,0,6952.42,0.0
2012-07-07,105.62,10.29,95.33,7457.81,7553.14,5720.51,1,6953.5,0.0
2012-07-08,254.41,9.46,244.95,7553.14,7798.09,5822.1,1,6939.95,0.0
2012-07-09,139.67,75.16,64.51,7798.09,7862.6,5881.14,0,6943.63,0.0
2012-07-10,129.34,45.44,83.9,7862.6,7946.5,5949.15,0,6937.46,0.0
2012-07-11,205.54,109.64,95.9,7946.5,8042.4,5958.73,0,6951.47,0.0
2012-07-12,237.06,64.14,172.92,8042.4,8215.33,5790.51,0,6451.28,0.0
2012-07-13,177.64,73.92,103.72,8215.33,8319.04,5774.84,0,6476.84,0.0
2012-07-14,82.29,8.56,73.73,8319.04,8392.77,5986.02,1,5813.62,0.0
2012-07-15,239.68,1437.54,-1197.86,8392.77,7194.91,5962.07,1,6361.14,0.0
2012-07-16,94.77,69.99,24.78,7194.91,7219.7,5977.12,0,6373.65,0.0
2012-07-17,140.1,55.33,84.77,7219.7,7304.47,5950.86,0,6382.45,0.0
2012-07-18,253.61,72.64,180.97,7304.47,7485.43,5849.83,0,6398.36,0.0
2012-07-19,130.39,46.19,84.2,7485.43,7569.64,5856.97,0,6404.23,0.0
2012-07-20,182.78,1433.32,-1250.54,7569.64,6319.1,5876.19,0,6959.91,640.81
2012-07-21,217.94,4.38,213.56,6319.1,6532.66,5819.53,1,6958.29,425.63
2012-07-22,114.4,6.1,108.3,6532.66,6640.97,5734.9,1,6934.79,293.82
2012-07-23,339.22,47.73,291.49,6640.97,6932.46,5683.92,0,6923.49,0.0
2012-07-24,60.22,62.11,-1.89,6932.46,6930.56,5780.93,0,6925.12,0.0
2012-07-25,92.43,53.66,38.77,6930.56,6969.34,5818.35,0,6922.78,0.0
2012-07-26,222.6,39.26,183.34,6969.34,7152.68,5946.9,0,6399.63,0.0
2012-07-27,118.94,58.35,60.59,7152.68,7213.27,6195.94,0,6419.82,0.0
2012-07-28,323.42,5.23,318.19,7213.27,7531.46,6234.12,1,6419.5,0.0
2012-07-29,280.22,9.34,270.88,7531.46,7802.34,6054.63,1,6407.38,0.0
2012-07-30,303.57,80.96,222.61,7802.34,8024.95,6017.95,0,6059.72,0.0
2012-07-31,191.93,57.02,134.91,8024.95,8159.86,5984.98,0,6071.96,0.0
2012-08-01,359.65,1118.94,-759.29,8159.86,7400.57,6021.97,0,6491.67,0.0
2012-08-02,296.15,73.4,222.75,7400.57,7623.32,6195.08,0,6512.23,0.0
2012-08-03,193.05,1389.11,-1196.06,7623.32,6427.26,6116.45,0,7050.84,623.58
2012-08-04,131.63,6.21,125.42,6427.26,6552.68,6290.68,1,7051.7,499.02
2012-08-05,205.05,6.06,198.99,6552.68,6751.66,6085.63,1,7040.47,288.81
2012-08-06,281.86,43.38,238.48,6751.66,6990.14,5991.34,0,7038.07,47.93
2012-08-07,375.2,60.21,314.99,6990.14,7305.13,5820.09,0,7034.33,0.0
2012-08-08,59.67,48.56,11.11,7305.13,7316.24,6063.98,0,7032.28,0.0
2012-08-09,117.97,81.59,36.38,7316.24,7352.62,6077.25,0,6534.1,0.0
2012-08-10,322.3,70.25,252.05,7352.62,7604.67,5802.94,0,6559.75,0.0
2012-08-11,119.19,7.98,111.21,7604.67,7715.88,5706.79,1,6560.86,0.0
2012-08-12,0.0,7.83,-7.83,7715.88,7708.05,5756.54,1,6542.64,0.0
2012-08-13,581.11,55.77,525.34,7708.05,8233.39,5259.79,0,6548.88,0.0
2012-08-14,84.79,59.5,25.29,8233.39,8258.68,5314.93,0,6550.5,0.0
2012-08-15,241.43,76.42,165.01,8258.68,8423.69,5121.52,0,6558.91,0.0
2012-08-16,306.91,66.64,240.27,8423.69,8663.95,4954.69,0,6552.79,0.0
2012-08-17,126.6,1383.68,-1257.08,8663.95,7406.87,5008.5,0,7088.57,0.0
2012-08-18,339.35,8.29,331.06,7406.87,7737.94,4844.67,1,7088.89,0.0
2012-08-19,197.25,6.47,190.78,7737.94,7928.72,4751.07,1,7066.29,0.0
2012-08-20,17.37,84.27,-66.9,7928.72,7861.82,5163.97,0,7074.12,0.0
2012-08-21,118.6,90.74,27.86,7861.82,7889.68,5216.6,0,7082.32,0.0
2012-08-22,107.42,76.7,30.72,7889.68,7920.4,5339.18,0,7101.78,0.0
2012-08-23,128.28,66.53,61.75,7920.4,7982.15,5274.02,0,6573.13,0.0
2012-08-24,205.09,66.27,138.82,7982.15,8120.97,5372.66,0,6595.44,0.0
2012-08-25,67.89,4.69,63.2,8120.97,8184.17,5588.05,1,6593.74,0.0
2012-08-26,323.89,7.44,316.45,8184.17,8500.62,5264.16,1,6584.17,0.0
2012-08-27,119.46,63.55,55.91,8500.62,8556.53,5281.84,0,6587.95,0.0
2012-08-28,319.47,40.13,279.34,8556.53,8835.88,5268.01,0,6577.97,0.0
2012-08-29,27.52,101.77,-74.25,8835.88,8761.62,5607.59,0,6589.73,0.0
2012-08-30,109.16,77.36,31.8,8761.62,8793.43,6040.86,0,6224.56,0.0
2012-08-31,181.34,1387.88,-1206.54,8793.43,7586.89,6025.87,0,6761.91,0.0
2012-09-01,253.6,1033.88,-780.28,7586.89,6806.61,6236.22,1,7160.52,353.91
2012-09-02,190.41,5.6,184.81,6806.61,6991.42,6238.32,1,7132.21,140.79
2012-09-03,161.59,31.17,130.42,6991.42,7121.83,6373.72,0,7118.26,0.0
2012-09-04,305.23,57.41,247.82,7121.83,7369.65,6234.51,0,7116.87,0.0
2012-09-05,122.58,46.11,76.47,7369.65,7446.13,6257.96,0,7110.5,0.0
2012-09-06,237.51,62.41,175.1,7446.13,7621.23,6231.37,0,6582.12,0.0
2012-09-07,275.97,85.92,190.05,7621.23,7811.28,6189.56,0,6612.96,0.0
2012-09-08,194.39,11.04,183.35,7811.28,7994.64,6142.13,1,6614.17,0.0
2012-09-09,209.27,8.29,200.98,7994.64,8195.62,6110.99,1,6588.74,0.0
2012-09-10,375.48,105.36,270.12,8195.62,8465.74,6096.09,0,6608.6,0.0
2012-09-11,203.75,86.81,116.94,8465.74,8582.68,6110.2,0,6616.2,0.0
2012-09-12,315.16,59.41,255.75,8582.68,8838.43,6132.4,0,6613.74,0.0
2012-09-13,390.28,66.67,323.61,8838.43,9162.04,5805.48,0,6606.6,0.0
2012-09-14,197.85,1376.37,-1178.52,9162.04,7983.52,5725.22,0,7137.69,0.0
2012-09-15,422.14,11.96,410.18,7983.52,8393.71,5639.09,1,7139.11,0.0
2012-09-16,126.32,8.15,118.17,8393.71,8511.87,5656.98,1,7111.2,0.0
2012-09-17,169.61,42.14,127.47,8511.87,8639.35,5649.11,0,7082.92,0.0
2012-09-18,74.65,62.26,12.39,8639.35,8651.73,5700.54,0,7072.21,0.0
2012-09-19,259.34,74.19,185.15,8651.73,8836.88,5698.65,0,7067.15,0.0
2012-09-20,0.0,3093.13,-3093.13,8836.88,5743.75,5762.31,0,7719.39,1975.64
2012-09-21,202.1,48.41,153.69,5743.75,5897.44,5798.9,0,7734.8,1837.36
2012-09-22,178.41,4.7,173.71,5897.44,6071.15,5815.19,1,7732.25,1661.1
2012-09-23,415.29,5.34,409.95,6071.15,6481.1,5647.27,1,7713.4,1232.3
2012-09-24,52.08,56.86,-4.78,6481.1,6476.32,5736.04,0,7706.9,1230.58
2012-09-25,175.97,58.85,117.12,6476.32,6593.44,5984.3,0,7712.21,1118.77
2012-09-26,201.08,58.34,142.74,6593.44,6736.18,5892.97,0,7703.63,967.45
2012-09-27,323.49,75.24,248.25,6736.18,6984.43,5802.45,0,7718.46,734.03
2012-09-28,343.8,1384.32,-1040.52,6984.43,5943.91,5926.79,0,8253.35,2309.44
2012-09-29,312.96,6.35,306.61,5943.91,6250.52,5996.26,1,7898.4,1647.88
2012-09-30,296.23,8.99,287.24,6250.52,6537.76,6029.22,1,7874.66,1336.9
2012-10-01,0.0,982.53,-982.53,6537.76,5555.24,6263.57,0,8220.63,2665.39
2012-10-02,207.99,41.93,166.06,5555.24,5721.29,6277.54,0,8211.88,2490.59
2012-10-03,301.54,35.55,265.99,5721.29,5987.28,6025.85,0,8192.38,2205.1
2012-10-04,141.94,33.05,108.89,5987.28,6096.17,6098.9,0,7661.94,1565.77
2012-10-05,117.43,58.66,58.77,6096.17,6154.95,6345.26,0,7680.75,1525.8
2012-10-06,239.12,6.44,232.68,6154.95,6387.62,6294.46,1,7679.57,1291.95
2012-10-07,173.38,3.87,169.51,6387.62,6557.13,6213.43,1,7651.85,1094.72
2012-10-08,199.27,60.74,138.53,6557.13,6695.66,6094.73,0,7657.8,962.14
2012-10-09,146.28,72.33,73.95,6695.66,6769.61,6100.83,0,7643.29,873.68
2012-10-10,275.07,59.27,215.8,6769.61,6985.41,5976.92,0,7641.39,655.98
2012-10-11,103.26,61.29,41.97,6985.41,7027.38,6049.54,0,7636.48,609.1
2012-10-12,70.6,1323.68,-1253.08,7027.38,5774.29,6067.41,0,8147.92,2373.63
2012-10-13,349.87,4.72,345.15,5774.29,6119.44,6225.55,1,7590.71,1471.27
2012-10-14,140.14,5.37,134.77,6119.44,6254.21,6216.01,1,7565.58,1311.37
2012-10-15,204.18,1557.66,-1353.48,6254.21,4900.72,6204.97,0,8149.82,3249.1
2012-10-16,213.14,39.53,173.61,4900.72,5074.34,6120.17,0,8136.94,3062.6
2012-10-17,300.03,42.66,257.37,5074.34,5331.71,6040.9,0,8135.57,2803.86
2012-10-18,253.81,52.62,201.19,5331.71,5532.89,6083.37,0,7598.63,2065.74
2012-10-19,255.85,48.53,207.32,5532.89,5740.21,6150.15,0,7615.8,1875.59
2012-10-20,217.93,4.95,212.98,5740.21,5953.19,5932.22,1,7615.35,1662.16
2012-10-21,198.81,5.59,193.22,5953.19,6146.41,6022.11,1,7598.97,1452.56
2012-10-22,245.99,36.98,209.01,6146.41,6355.42,6012.86,0,7589.19,1233.77
2012-10-23,356.37,61.57,294.8,6355.42,6650.22,5842.61,0,7592.27,942.05
2012-10-24,231.0,96.41,134.59,6650.22,6784.81,5903.69,0,7614.5,829.69
2012-10-25,267.69,61.99,205.7,6784.81,6990.51,6137.23,0,7615.91,625.4
2012-10-26,143.75,1366.88,-1223.13,6990.51,5767.38,6438.46,0,8145.44,2378.06
2012-10-27,137.28,3.0,134.28,5767.38,5901.66,6373.52,1,8142.98,2241.32
2012-10-28,195.81,3.98,191.83,5901.66,6093.49,6380.31,1,8113.04,2019.55
2012-10-29,351.64,72.15,279.49,6093.49,6372.98,6267.05,0,8118.92,1745.94
2012-10-30,403.13,59.03,344.1,6372.98,6717.08,6052.47,0,7706.74,989.66
2012-10-31,284.45,74.85,209.6,6717.08,6926.68,5926.23,0,7707.3,780.62
2012-11-01,126.45,1015.41,-888.96,6926.68,6037.72,6013.82,0,7561.97,1524.25
2012-11-02,308.71,42.36,266.35,6037.72,6304.07,6132.54,0,7576.03,1271.96
2012-11-03,163.27,7.52,155.75,6304.07,6459.83,6104.58,1,7576.6,1116.77
2012-11-04,89.79,7.61,82.18,6459.83,6542.01,6319.14,1,7562.69,1020.68
2012-11-05,62.31,84.89,-22.58,6542.01,6519.42,6486.92,0,7572.28,1052.86
2012-11-06,311.94,58.0,253.94,6519.42,6773.37,6320.83,0,7575.96,802.59
2012-11-07,446.22,86.72,359.5,6773.37,7132.86,6133.35,0,7577.95,445.09
2012-11-08,271.5,47.84,223.66,7132.86,7356.52,5873.29,0,7569.24,212.72
2012-11-09,252.35,1366.09,-1113.74,7356.52,6242.79,5678.31,0,8097.39,1854.6
2012-11-10,365.13,7.26,357.87,6242.79,6600.66,5412.4,1,8097.17,1496.51
2012-11-11,196.31,4.35,191.96,6600.66,6792.62,5493.38,1,8077.17,1284.55
2012-11-12,107.2,63.11,44.09,6792.62,6836.71,5776.92,0,8078.58,1241.87
2012-11-13,166.91,51.65,115.26,6836.71,6951.97,5610.01,0,8068.94,1116.97
2012-11-14,210.29,51.38,158.91,6951.97,7110.89,5648.75,0,8063.01,952.12
2012-11-15,159.58,63.45,96.13,7110.89,7207.01,5668.41,0,7549.59,342.58
2012-11-16,125.58,61.36,64.22,7207.01,7271.23,5858.12,0,7570.22,298.99
2012-11-17,254.26,11.6,242.66,7271.23,7513.89,5887.18,1,7572.22,58.33
2012-11-18,322.55,10.85,311.7,7513.89,7825.59,6041.23,1,7543.67,0.0
2012-11-19,76.81,99.82,-23.01,7825.59,7802.58,6318.68,0,7547.2,0.0
2012-11-20,135.42,64.24,71.18,7802.58,7873.76,6405.62,0,7542.35,0.0
2012-11-21,205.64,77.03,128.61,7873.76,8002.38,6233.34,0,7546.44,0.0
2012-11-22,115.25,70.91,44.34,8002.38,8046.71,6207.77,0,7548.24,0.0
2012-11-23,135.52,1324.1,-1188.58,8046.71,6858.14,6140.25,0,8061.34,1203.2
2012-11-24,134.38,8.14,126.24,6858.14,6984.37,6213.28,1,8061.62,1077.25
2012-11-25,499.93,7.79,492.14,6984.37,7476.51,6190.82,1,8039.93,563.42
2012-11-26,234.35,95.36,138.99,7476.51,7615.51,6082.84,0,8061.41,445.9
2012-11-27,167.76,92.37,75.39,7615.51,7690.9,6131.59,0,8057.75,366.85
2012-11-28,247.55,112.29,135.26,7690.9,7826.15,6175.0,0,8071.34,245.19
2012-11-29,429.78,93.04,336.74,7826.15,8162.89,5870.22,0,7567.79,0.0
2012-11-30,329.77,82.95,246.82,8162.89,8409.71,5809.21,0,7197.98,0.0
2012-12-01,287.56,966.94,-679.38,8409.71,7730.33,5654.29,1,7571.84,0.0
2012-12-02,246.11,11.13,234.98,7730.33,7965.31,5624.64,1,7564.04,0.0
2012-12-03,220.21,87.85,132.36,7965.31,8097.67,5507.95,0,7575.88,0.0
2012-12-04,182.76,91.23,91.53,8097.67,8189.2,5551.6,0,7593.43,0.0
2012-12-05,393.38,46.54,346.84,8189.2,8536.03,5403.37,0,7587.26,0.0
2012-12-06,151.51,76.18,75.33,8536.03,8611.36,5310.86,0,7583.47,0.0
2012-12-07,227.5,1454.2,-1226.7,8611.36,7384.67,5420.11,0,8144.7,760.03
2012-12-08,274.84,10.71,264.13,7384.67,7648.8,5440.15,1,8145.64,496.84
2012-12-09,261.32,13.41,247.91,7648.8,7896.71,5471.82,1,8109.88,213.17
2012-12-10,283.72,52.51,231.21,7896.71,8127.92,5219.08,0,8096.54,0.0
2012-12-11,85.76,108.77,-23.01,8127.92,8104.91,5234.23,0,8115.74,10.83
2012-12-12,246.89,86.15,160.74,8104.91,8265.65,5130.09,0,8123.31,0.0
2012-12-13,144.11,51.01,93.1,8265.65,8358.75,5216.25,0,7607.9,0.0
2012-12-14,23.5,56.21,-32.71,8358.75,8326.04,5457.69,0,7625.1,0.0
2012-12-15,303.29,6.54,296.75,8326.04,8622.79,5328.64,1,7624.48,0.0
2012-12-16,128.39,11.04,117.35,8622.79,8740.14,5336.51,1,7612.38,0.0
2012-12-17,85.6,91.7,-6.1,8740.14,8734.04,5632.92,0,7623.83,0.0
2012-12-18,254.85,68.71,186.14,8734.04,8920.18,5550.84,0,7621.7,0.0
2012-12-19,189.2,109.75,79.45,8920.18,8999.64,5586.33,0,6461.5,0.0
2012-12-20,182.67,118.29,64.38,8999.64,9064.01,5453.69,0,6488.67,0.0
2012-12-21,61.64,1452.53,-1390.89,9064.01,7673.12,5392.05,0,7051.72,0.0
2012-12-22,197.48,7.9,189.58,7673.12,7862.7,5458.96,1,7052.71,0.0
2012-12-23,260.96,5.27,255.69,7862.7,8118.4,5353.52,1,7032.65,0.0
2012-12-24,267.04,84.18,182.86,8118.4,8301.25,5250.31,0,7042.5,0.0
2012-12-25,331.2,72.29,258.91,8301.25,8560.16,5240.59,0,7047.93,0.0
2012-12-26,154.57,61.25,93.32,8560.16,8653.48,5376.43,0,7042.49,0.0
2012-12-27,333.58,107.46,226.12,8653.48,8879.6,5295.72,0,6545.93,0.0
2012-12-28,186.88,92.44,94.44,8879.6,8974.04,5438.8,0,6579.41,0.0
2012-12-29,131.42,10.7,120.72,8974.04,9094.77,5450.21,1,6580.07,0.0
2012-12-30,353.58,10.35,343.23,9094.77,9438.0,5690.51,1,6202.0,0.0
2012-12-31,126.5,96.35,30.15,9438.0,9468.15,5725.06,0,6223.17,0.0
2013-01-01,166.54,1058.22,-891.68,9468.15,8576.47,5845.81,0,6620.87,0.0
2013-01-02,229.32,49.7,179.62,8576.47,8756.09,5897.8,0,6627.35,0.0
2013-01-03,221.78,94.26,127.52,8756.09,8883.6,5884.56,0,6641.19,0.0
2013-01-04,261.68,1414.25,-1152.57,8883.6,7731.04,5990.5,0,7188.67,0.0
2013-01-05,95.18,6.97,88.21,7731.04,7819.25,6134.15,1,7189.88,0.0
2013-01-06,116.63,6.71,109.92,7819.25,7929.17,6515.22,1,7168.87,0.0
2013-01-07,233.95,80.82,153.13,7929.17,8082.3,6418.63,0,7172.17,0.0
2013-01-08,371.83,74.28,297.55,8082.3,8379.85,6188.43,0,7178.01,0.0
2013-01-09,81.62,63.29,18.33,8379.85,8398.19,6450.44,0,7178.78,0.0
2013-01-10,143.2,57.01,86.19,8398.19,8484.38,6307.24,0,6686.19,0.0
2013-01-11,0.0,79.44,-79.44,8484.38,8404.94,6593.68,0,6715.25,0.0
2013-01-12,413.56,8.87,404.69,8404.94,8809.62,6524.78,1,6716.61,0.0
2013-01-13,418.05,11.21,406.84,8809.62,9216.46,6241.23,1,6115.21,0.0
2013-01-14,271.79,90.52,181.27,9216.46,9397.74,6072.07,0,6135.04,0.0
2013-01-15,243.42,1539.51,-1296.09,9397.74,8101.64,6108.99,0,6717.15,0.0
2013-01-16,472.63,66.66,405.97,8101.64,8507.61,5816.24,0,6722.61,0.0
2013-01-17,87.91,91.07,-3.16,8507.61,8504.46,6012.63,0,6739.15,0.0
2013-01-18,285.46,1380.6,-1095.14,8504.46,7409.32,6151.85,0,7274.13,0.0
2013-01-19,301.84,8.14,293.7,7409.32,7703.02,6066.91,1,7275.12,0.0
2013-01-20,69.22,12.06,57.16,7703.02,7760.17,6137.42,1,7265.43,0.0
2013-01-21,95.27,59.49,35.78,7760.17,7795.96,6196.55,0,7264.62,0.0
2013-01-22,163.82,94.01,69.81,7795.96,7865.76,6075.85,0,7263.69,0.0
2013-01-23,259.09,90.35,168.74,7865.76,8034.51,5900.08,0,7274.71,0.0
2013-01-24,223.68,89.55,134.13,8034.51,8168.63,6061.71,0,6777.98,0.0
2013-01-25,339.82,64.65,275.17,8168.63,8443.81,5841.99,0,6801.95,0.0
2013-01-26,88.11,9.95,78.16,8443.81,8521.97,6019.86,1,6804.27,0.0
2013-01-27,208.23,9.33,198.9,8521.97,8720.87,5906.01,1,6779.84,0.0
2013-01-28,116.59,109.88,6.71,8720.87,8727.57,5906.81,0,6799.62,0.0
2013-01-29,159.28,98.49,60.79,8727.57,8788.36,5983.33,0,6808.81,0.0
2013-01-30,195.07,92.75,102.32,8788.36,8890.68,5958.37,0,6450.0,0.0
2013-01-31,258.55,92.59,165.96,8890.68,9056.64,5846.87,0,6469.53,0.0
2013-02-01,483.48,2376.62,-1893.14,9056.64,7163.5,5583.27,0,7390.85,227.35
2013-02-02,97.23,7.01,90.22,7163.5,7253.71,5754.01,1,7390.62,136.91
2013-02-03,281.09,8.45,272.64,7253.71,7526.36,5698.92,1,7360.89,0.0
2013-02-04,119.53,72.11,47.42,7526.36,7573.78,5635.92,0,7366.38,0.0
2013-02-05,323.77,74.06,249.71,7573.78,7823.49,5483.19,0,7361.45,0.0
2013-02-06,303.33,53.93,249.4,7823.49,8072.89,5494.53,0,7363.82,0.0
2013-02-07,178.24,89.37,88.87,8072.89,8161.75,5454.46,0,6867.32,0.0
2013-02-08,233.59,75.96,157.63,8161.75,8319.38,5306.63,0,6894.04,0.0
2013-02-09,197.33,7.68,189.65,8319.38,8509.03,5400.97,1,6895.33,0.0
2013-02-10,207.26,10.81,196.45,8509.03,8705.48,5695.94,1,6874.99,0.0
2013-02-11,549.88,104.66,445.22,8705.48,9150.7,5316.2,0,6895.61,0.0
2013-02-12,123.37,83.28,40.09,9150.7,9190.78,5394.61,0,6908.01,0.0
2013-02-13,319.53,140.03,179.5,9190.78,9370.29,5403.86,0,6937.79,0.0
2013-02-14,0.0,74.08,-74.08,9370.29,9296.2,5615.47,0,6942.74,0.0
2013-02-15,63.82,1429.14,-1365.32,9296.2,7930.88,5791.96,0,7494.01,0.0
2013-02-16,336.13,11.61,324.52,7930.88,8255.4,5753.49,1,7494.3,0.0
2013-02-17,246.1,10.49,235.61,8255.4,8491.01,5746.4,1,7459.56,0.0
2013-02-18,222.65,81.87,140.78,8491.01,8631.79,5749.46,0,7466.42,0.0
2013-02-19,230.76,98.85,131.91,8631.79,8763.71,5544.08,0,7474.9,0.0
2013-02-20,135.19,73.57,61.62,8763.71,8825.32,5599.19,0,7475.94,0.0
2013-02-21,20.65,89.03,-68.38,8825.32,8756.94,5714.09,0,6995.63,0.0
2013-02-22,427.62,109.41,318.21,8756.94,9075.16,5666.72,0,7035.02,0.0
2013-02-23,252.02,9.39,242.63,9075.16,9317.78,5756.12,1,7035.64,0.0
2013-02-24,145.99,7.63,138.36,9317.78,9456.15,5749.39,1,7001.52,0.0
2013-02-25,294.46,84.11,210.35,9456.15,9666.5,5543.6,0,6998.31,0.0
2013-02-26,302.65,133.48,169.17,9666.5,9835.67,5515.04,0,7006.55,0.0
2013-02-27,209.26,128.13,81.13,9835.67,9916.8,5534.24,0,7020.2,0.0
2013-02-28,204.76,100.34,104.42,9916.8,10021.22,5465.28,0,7026.96,0.0
2013-03-01,193.29,2306.11,-2112.82,10021.22,7908.39,5626.06,0,7547.75,0.0
2013-03-02,282.71,6.86,275.85,7908.39,8184.25,5642.47,1,7546.09,0.0
2013-03-03,270.86,13.54,257.32,8184.25,8441.57,5451.35,1,7517.19,0.0
2013-03-04,364.62,76.23,288.39,8441.57,8729.96,5263.62,0,7511.35,0.0
2013-03-05,38.64,91.78,-53.14,8729.96,8676.82,5392.76,0,7528.95,0.0
2013-03-06,216.42,56.05,160.37,8676.82,8837.19,5254.62,0,7521.12,0.0
2013-03-07,205.71,78.53,127.18,8837.19,8964.37,5259.3,0,6986.14,0.0
2013-03-08,91.59,96.06,-4.47,8964.37,8959.9,5342.8,0,7019.33,0.0
2013-03-09,118.46,11.24,107.22,8959.9,9067.12,5445.74,1,7018.48,0.0
2013-03-10,174.06,14.28,159.78,9067.12,9226.9,5370.94,1,7003.62,0.0
2013-03-11,320.02,96.29,223.73,9226.9,9450.63,5050.92,0,6998.76,0.0
2013-03-12,187.46,90.97,96.49,9450.63,9547.13,5176.12,0,7000.64,0.0
2013-03-13,235.09,100.5,134.59,9547.13,9681.72,4998.44,0,7019.88,0.0
2013-03-14,380.42,80.17,300.25,9681.72,9981.97,4897.26,0,7029.2,0.0
2013-03-15,78.68,1411.72,-1333.04,9981.97,8648.93,4866.4,0,7575.66,0.0
2013-03-16,176.95,10.9,166.05,8648.93,8814.98,4839.27,1,7575.61,0.0
2013-03-17,235.78,9.89,225.89,8814.98,9040.87,4892.27,1,7543.79,0.0
2013-03-18,213.89,98.12,115.77,9040.87,9156.64,4847.92,0,7555.23,0.0
2013-03-19,126.87,60.99,65.88,9156.64,9222.53,5086.7,0,7536.27,0.0
2013-03-20,0.0,3019.0,-3019.0,9222.53,6203.53,5281.51,0,8664.32,2460.79
2013-03-21,201.76,51.66,150.1,6203.53,6353.63,5465.02,0,8119.54,1765.91
2013-03-22,152.14,53.33,98.81,6353.63,6452.45,5518.92,0,8137.2,1684.75
2013-03-23,90.09,3.94,86.15,6452.45,6538.6,5616.75,1,8136.69,1598.09
2013-03-24,130.61,5.82,124.79,6538.6,6663.39,5764.85,1,8106.21,1442.82
2013-03-25,102.67,59.21,43.46,6663.39,6706.85,5910.48,0,8101.13,1394.28
2013-03-26,426.19,55.1,371.09,6706.85,7077.94,5739.05,0,8098.74,1020.8
2013-03-27,140.03,77.3,62.73,7077.94,7140.67,5871.29,0,8087.01,946.34
2013-03-28,355.35,39.86,315.49,7140.67,7456.16,5775.56,0,8066.56,610.4
2013-03-29,124.38,1406.08,-1281.7,7456.16,6174.45,5832.35,0,8609.21,2434.76
2013-03-30,155.58,5.66,149.92,6174.45,6324.37,5788.53,1,8607.38,2283.01
2013-03-31,209.84,7.26,202.58,6324.37,6526.96,5903.74,1,8572.74,2045.78
2013-04-01,364.12,1007.66,-643.54,6526.96,5883.41,5734.79,0,8553.07,2669.66
2013-04-02,73.49,51.36,22.13,5883.41,5905.55,5875.59,0,8553.72,2648.17
2013-04-03,120.58,48.75,71.83,5905.55,5977.38,6119.25,0,8536.02,2558.64
2013-04-04,166.66,57.83,108.83,5977.38,6086.2,5993.07,0,8008.52,1922.32
2013-04-05,147.08,46.87,100.21,6086.2,6186.41,5981.15,0,8024.04,1837.63
2013-04-06,257.02,6.97,250.05,6186.41,6436.46,5918.54,1,8024.14,1587.68
2013-04-07,211.74,6.17,205.57,6436.46,6642.03,6023.73,1,7995.11,1353.08
2013-04-08,416.81,51.75,365.06,6642.03,7007.09,5887.71,0,7986.35,979.26
2013-04-09,54.33,47.0,7.33,7007.09,7014.42,5999.51,0,7980.02,965.6
2013-04-10,75.1,54.45,20.65,7014.42,7035.07,6009.39,0,7979.02,943.95
2013-04-11,296.12,57.79,238.33,7035.07,7273.4,5975.82,0,7970.6,697.2
2013-04-12,297.12,1440.56,-1143.44,7273.4,6129.96,5918.36,0,8527.37,2397.41
2013-04-13,191.86,4.41,187.45,6129.96,6317.41,5906.48,1,8524.72,2207.31
2013-04-14,154.67,4.65,150.02,6317.41,6467.43,5935.67,1,8491.33,2023.9
2013-04-15,195.57,1318.97,-1123.4,6467.43,5344.03,5969.27,0,8405.56,3061.53
2013-04-16,220.81,16.53,204.28,5344.03,5548.31,6270.3,0,8386.07,2837.76
2013-04-17,203.21,32.5,170.71,5548.31,5719.02,6280.85,0,8363.29,2644.27
2013-04-18,52.4,44.27,8.13,5719.02,5727.15,6506.13,0,7843.61,2116.46
2013-04-19,275.22,40.44,234.78,5727.15,5961.93,6305.19,0,7856.17,1894.24
2013-04-20,0.0,5.2,-5.2,5961.93,5956.73,6368.67,1,7853.5,1896.77
2013-04-21,203.67,5.63,198.04,5956.73,6154.77,6291.15,1,7832.56,1677.79
2013-04-22,196.41,28.41,168.0,6154.77,6322.78,6304.11,0,7807.05,1484.27
2013-04-23,70.99,53.65,17.34,6322.78,6340.12,6495.72,0,7792.77,1452.65
2013-04-24,249.81,50.09,199.72,6340.12,6539.84,6611.27,0,7777.43,1237.59
2013-04-25,459.92,59.39,400.53,6539.84,6940.37,6337.25,0,7775.38,835.01
2013-04-26,342.52,1385.55,-1043.03,6940.37,5897.34,6267.47,0,8310.34,2413.0
2013-04-27,371.16,5.23,365.93,5897.34,6263.27,6071.78,1,8308.74,2045.47
2013-04-28,662.02,6.5,655.52,6263.27,6918.79,5602.48,1,8268.54,1349.75
2013-04-29,107.9,71.93,35.97,6918.79,6954.76,5835.5,0,8258.21,1303.45
2013-04-30,115.93,50.05,65.88,6954.76,7020.64,5834.1,0,8241.61,1220.97
2013-05-01,130.42,1050.26,-919.84,7020.64,6100.8,5923.7,0,8614.03,2513.23
2013-05-02,113.29,84.17,29.12,6100.8,6129.92,5982.47,0,7722.52,1592.6
2013-05-03,203.85,58.6,145.25,6129.92,6275.17,5961.5,0,7742.59,1467.42
2013-05-04,206.44,7.27,199.17,6275.17,6474.34,5906.72,1,7742.13,1267.79
2013-05-05,167.58,7.17,160.41,6474.34,6634.75,6171.94,1,7716.87,1082.12
2013-05-06,420.42,49.21,371.21,6634.75,7005.96,5883.97,0,7707.21,701.25
2013-05-07,379.2,79.32,299.88,7005.96,7305.84,5830.79,0,7717.08,411.24
2013-05-08,268.94,60.3,208.64,7305.84,7514.48,5730.05,0,7705.78,191.3
2013-05-09,125.67,64.67,61.0,7514.48,7575.49,5869.48,0,7701.39,125.9
2013-05-10,182.11,1457.26,-1275.15,7575.49,6300.34,5999.93,0,8265.11,1964.77
2013-05-11,254.83,7.65,247.18,6300.34,6547.52,5895.01,1,8263.88,1716.36
2013-05-12,199.05,8.05,191.0,6547.52,6738.52,5851.11,1,8226.31,1487.79
2013-05-13,241.95,55.08,186.87,6738.52,6925.39,5797.13,0,8215.35,1289.96
2013-05-14,0.0,59.9,-59.9,6925.39,6865.49,6024.46,0,8184.19,1318.7
2013-05-15,246.68,82.41,164.27,6865.49,7029.76,5813.01,0,8187.43,1157.67
2013-05-16,372.06,45.04,327.02,7029.76,7356.77,5689.51,0,7649.16,292.39
2013-05-17,73.57,61.3,12.27,7356.77,7369.04,6124.57,0,7668.49,299.45
2013-05-18,74.89,6.68,68.21,7369.04,7437.25,6305.9,1,7667.01,229.76
2013-05-19,325.28,9.78,315.5,7437.25,7752.75,6200.29,1,7638.97,0.0
2013-05-20,128.38,62.07,66.31,7752.75,7819.05,6213.25,0,7624.67,0.0
2013-05-21,294.62,65.24,229.38,7819.05,8048.43,6077.68,0,7621.43,0.0
2013-05-22,325.47,94.03,231.44,8048.43,8279.87,6095.77,0,7623.37,0.0
2013-05-23,273.07,84.49,188.58,8279.87,8468.45,6012.57,0,7613.68,0.0
2013-05-24,168.95,1428.81,-1259.86,8468.45,7208.59,6193.97,0,8165.68,957.09
2013-05-25,362.06,13.89,348.17,7208.59,7556.76,6272.49,1,8168.11,611.35
2013-05-26,32.75,9.04,23.71,7556.76,7580.47,6386.71,1,8138.92,558.45
2013-05-27,122.01,74.97,47.04,7580.47,7627.51,6613.25,0,8116.17,488.66
2013-05-28,585.36,101.98,483.38,7627.51,8110.89,6238.59,0,8106.0,0.0
2013-05-29,248.56,84.52,164.04,8110.89,8274.93,6566.49,0,8099.84,0.0
2013-05-30,145.5,95.3,50.2,8274.93,8325.13,6582.26,0,7240.08,0.0
2013-05-31,7.47,72.22,-64.75,8325.13,8260.38,6918.35,0,7265.5,0.0
2013-06-01,172.85,935.08,-762.23,8260.38,7498.15,6905.01,1,7623.88,125.73
2013-06-02,315.72,9.9,305.82,7498.15,7803.97,6997.15,1,7598.08,0.0
2013-06-03,495.21,77.11,418.1,7803.97,8222.07,6611.9,0,7592.38,0.0
2013-06-04,274.49,71.85,202.64,8222.07,8424.7,6582.9,0,7598.52,0.0
2013-06-05,241.48,113.35,128.13,8424.7,8552.84,6662.46,0,7612.06,0.0
2013-06-06,427.13,74.56,352.57,8552.84,8905.4,6543.09,0,7603.7,0.0
2013-06-07,153.63,1377.64,-1224.01,8905.4,7681.39,6389.46,0,8135.08,453.69
2013-06-08,284.53,11.43,273.1,7681.39,7954.49,6211.89,1,8133.97,179.48
2013-06-09,90.08,11.08,79.0,7954.49,8033.5,6286.68,1,8100.84,67.34
2013-06-10,363.75,77.18,286.57,8033.5,8320.07,6208.69,0,8095.47,0.0
2013-06-11,292.36,83.17,209.19,8320.07,8529.25,6453.1,0,8088.73,0.0
2013-06-12,197.22,130.05,67.17,8529.25,8596.42,6570.08,0,8108.13,0.0
2013-06-13,154.72,93.91,60.81,8596.42,8657.23,6603.02,0,7595.65,0.0
2013-06-14,350.29,92.0,258.29,8657.23,8915.52,6356.38,0,7627.19,0.0
2013-06-15,338.41,14.78,323.63,8915.52,9239.15,6165.19,1,7629.09,0.0
2013-06-16,274.55,13.55,261.0,9239.15,9500.15,6004.42,1,7596.2,0.0
2013-06-17,59.99,99.11,-39.12,9500.15,9461.03,6080.86,0,7611.03,0.0
2013-06-18,310.33,110.79,199.54,9461.03,9660.56,5872.61,0,6480.06,0.0
2013-06-19,131.0,83.84,47.16,9660.56,9707.72,5812.53,0,6492.57,0.0
2013-06-20,274.72,82.92,191.8,9707.72,9899.52,5705.0,0,6504.08,0.0
2013-06-21,253.85,1490.62,-1236.77,9899.52,8662.75,5753.12,0,7082.23,0.0
2013-06-22,266.73,14.92,251.81,8662.75,8914.56,5739.15,1,7085.77,0.0
2013-06-23,194.97,13.96,181.01,8914.56,9095.57,5717.17,1,7068.17,0.0
2013-06-24,264.52,79.35,185.17,9095.57,9280.74,5782.72,0,7077.6,0.0
2013-06-25,497.81,119.69,378.12,9280.74,9658.86,5418.93,0,7094.09,0.0
2013-06-26,70.66,127.93,-57.27,9658.86,9601.59,5376.64,0,7128.34,0.0
2013-06-27,256.86,72.95,183.91,9601.59,9785.49,5223.57,0,6609.9,0.0
2013-06-28,216.76,100.18,116.58,9785.49,9902.07,5113.14,0,6646.66,0.0
2013-06-29,86.87,10.6,76.27,9902.07,9978.35,5188.41,1,6647.95,0.0
2013-06-30,336.6,12.93,323.67,9978.35,10302.02,5119.85,1,6261.12,0.0
2013-07-01,46.25,992.98,-946.73,10302.02,9355.29,5274.43,0,6627.3,0.0
2013-07-02,197.94,140.18,57.76,9355.29,9413.05,5238.05,0,6662.86,0.0
2013-07-03,519.85,89.85,430.0,9413.05,9843.06,4899.43,0,6675.31,0.0
2013-07-04,179.47,117.34,62.13,9843.06,9905.18,5050.26,0,6702.71,0.0
2013-07-05,230.31,1362.15,-1131.84,9905.18,8773.34,5037.81,0,7229.73,0.0
2013-07-06,132.44,11.7,120.74,8773.34,8894.08,5101.89,1,7231.88,0.0
2013-07-07,201.29,8.97,192.32,8894.08,9086.41,5084.72,1,7215.24,0.0
2013-07-08,492.21,99.22,392.99,9086.41,9479.4,4652.51,0,7235.55,0.0
2013-07-09,187.95,137.73,50.22,9479.4,9529.61,4529.95,0,7267.94,0.0
2013-07-10,68.8,114.33,-45.53,9529.61,9484.08,4735.52,0,7289.92,0.0
2013-07-11,173.33,114.01,59.32,9484.08,9543.4,4630.61,0,6774.04,0.0
2013-07-12,121.78,48.82,72.96,9543.4,9616.36,4995.25,0,6791.31,0.0
2013-07-13,188.87,12.25,176.62,9616.36,9792.98,5139.97,1,6794.27,0.0
2013-07-14,466.99,15.16,451.83,9792.98,10244.8,4735.3,1,6287.23,0.0
2013-07-15,214.29,1442.93,-1228.64,10244.8,9016.17,4643.1,0,6841.94,0.0
2013-07-16,36.62,95.78,-59.16,9016.17,8957.01,4796.74,0,6866.55,0.0
2013-07-17,114.58,110.61,3.97,8957.01,8960.98,5029.77,0,6892.35,0.0
2013-07-18,340.13,116.99,223.14,8960.98,9184.12,4689.64,0,6922.12,0.0
2013-07-19,141.89,1440.61,-1298.72,9184.12,7885.4,4729.42,0,7480.34,0.0
2013-07-20,55.34,9.83,45.51,7885.4,7930.91,4827.84,1,7481.97,0.0
2013-07-21,143.75,8.99,134.76,7930.91,8065.67,5019.8,1,7474.42,0.0
2013-07-22,219.33,76.74,142.59,8065.67,8208.26,5037.44,0,7483.4,0.0
2013-07-23,247.9,77.27,170.63,8208.26,8378.89,5198.06,0,7493.97,0.0
2013-07-24,266.64,75.24,191.4,8378.89,8570.29,5171.89,0,7500.13,0.0
2013-07-25,231.96,87.72,144.24,8570.29,8714.53,5000.23,0,6995.42,0.0
2013-07-26,196.35,72.85,123.5,8714.53,8838.03,4909.25,0,7021.72,0.0
2013-07-27,52.81,10.6,42.21,8838.03,8880.23,5208.87,1,7023.31,0.0
2013-07-28,71.45,10.12,61.33,8880.23,8941.57,5320.51,1,6999.27,0.0
2013-07-29,90.62,66.75,23.87,8941.57,8965.44,5388.62,0,7005.77,0.0
2013-07-30,151.72,63.21,88.51,8965.44,9053.95,5478.99,0,6621.91,0.0
2013-07-31,78.88,92.54,-13.66,9053.95,9040.29,5400.11,0,6625.17,0.0
2013-08-01,298.21,999.76,-701.55,9040.29,8338.73,5392.09,0,6991.18,0.0
2013-08-02,343.12,1396.35,-1053.23,8338.73,7285.5,5048.97,0,7531.37,245.87
2013-08-03,180.53,5.23,175.3,7285.5,7460.81,5002.7,1,7530.62,69.81
2013-08-04,184.69,9.97,174.72,7460.81,7635.52,4974.15,1,7515.36,0.0
2013-08-05,130.02,58.48,71.54,7635.52,7707.07,5104.56,0,7507.26,0.0
2013-08-06,265.5,65.67,199.83,7707.07,7906.9,4839.06,0,7509.34,0.0
2013-08-07,223.28,57.76,165.52,7906.9,8072.41,4832.72,0,7506.66,0.0
2013-08-08,287.43,59.68,227.75,8072.41,8300.16,4754.02,0,6963.15,0.0
2013-08-09,0.0,95.71,-95.71,8300.16,8204.44,4948.45,0,6997.4,0.0
2013-08-10,341.22,6.73,334.49,8204.44,8538.94,4877.04,1,6996.88,0.0
2013-08-11,233.81,10.09,223.72,8538.94,8762.66,4948.03,1,6979.39,0.0
2013-08-12,180.7,59.73,120.97,8762.66,8883.63,4954.92,0,6979.32,0.0
2013-08-13,461.85,75.11,386.74,8883.63,9270.37,4727.88,0,6976.48,0.0
2013-08-14,186.23,46.25,139.98,9270.37,9410.35,4887.68,0,6976.95,0.0
2013-08-15,297.06,99.18,197.88,9410.35,9608.24,4723.03,0,6991.69,0.0
2013-08-16,185.6,1443.03,-1257.43,9608.24,8350.81,4660.74,0,7550.27,0.0
2013-08-17,8.36,6.26,2.1,8350.81,8352.91,4954.31,1,7548.9,0.0
2013-08-18,228.16,7.97,220.19,8352.91,8573.09,4988.26,1,7527.86,0.0
2013-08-19,171.3,70.93,100.37,8573.09,8673.46,5087.61,0,7530.07,0.0
2013-08-20,116.83,82.32,34.51,8673.46,8707.97,5003.65,0,7525.52,0.0
2013-08-21,90.72,38.37,52.35,8707.97,8760.33,5438.59,0,7507.58,0.0
2013-08-22,190.1,50.91,139.19,8760.33,8899.52,5884.71,0,6971.73,0.0
2013-08-23,305.98,80.12,225.86,8899.52,9125.38,5689.04,0,6997.49,0.0
2013-08-24,194.53,11.59,182.94,9125.38,9308.32,5630.22,1,6998.48,0.0
2013-08-25,0.0,6.11,-6.11,9308.32,9302.22,5740.96,1,6971.7,0.0
2013-08-26,600.35,96.87,503.48,9302.22,9805.69,5250.07,0,6969.71,0.0
2013-08-27,156.88,104.37,52.51,9805.69,9858.2,5312.94,0,6977.43,0.0
2013-08-28,443.01,137.16,305.85,9858.2,10164.05,5237.19,0,6993.71,0.0
2013-08-29,377.21,104.85,272.36,10164.05,10436.41,4947.35,0,7006.4,0.0
2013-08-30,201.16,1480.33,-1279.17,10436.41,9157.24,4898.27,0,7218.44,0.0
2013-08-31,169.73,11.12,158.61,9157.24,9315.86,4925.57,1,7218.92,0.0
2013-09-01,81.23,938.56,-857.33,9315.86,8458.53,5198.23,1,7553.93,0.0
2013-09-02,390.0,99.61,290.39,8458.53,8748.91,5117.21,0,7564.72,0.0
2013-09-03,69.73,77.41,-7.68,8748.91,8741.23,5291.95,0,7550.74,0.0
2013-09-04,193.09,79.74,113.35,8741.23,8854.58,5180.98,0,7552.76,0.0
2013-09-05,120.59,90.95,29.64,8854.58,8884.22,5198.18,0,7052.38,0.0
2013-09-06,203.05,70.54,132.51,8884.22,9016.73,5236.26,0,7075.37,0.0
2013-09-07,131.71,11.6,120.11,9016.73,9136.84,5307.36,1,7075.57,0.0
2013-09-08,235.25,7.28,227.97,9136.84,9364.81,5471.01,1,7048.39,0.0
2013-09-09,297.43,69.31,228.12,9364.81,9592.93,5230.06,0,7043.0,0.0
2013-09-10,0.0,93.36,-93.36,9592.93,9499.58,5621.18,0,7028.73,0.0
2013-09-11,400.42,107.94,292.48,9499.58,9792.06,5300.28,0,7034.18,0.0
2013-09-12,552.55,85.18,467.37,9792.06,10259.44,4938.18,0,7031.53,0.0
2013-09-13,191.51,1371.05,-1179.54,10259.44,9079.9,4922.37,0,7558.97,0.0
2013-09-14,127.91,12.56,115.35,9079.9,9195.24,5208.94,1,7558.58,0.0
2013-09-15,0.0,9.59,-9.59,9195.24,9185.65,5331.48,1,7523.77,0.0
2013-09-16,55.8,61.68,-5.88,9185.65,9179.77,5418.34,0,7504.67,0.0
2013-09-17,395.57,74.28,321.29,9179.77,9501.06,5153.73,0,7500.96,0.0
2013-09-18,146.74,114.6,32.14,9501.06,9533.2,5326.56,0,7513.28,0.0
2013-09-19,368.58,125.66,242.92,9533.2,9776.12,5222.91,0,6982.46,0.0
2013-09-20,228.61,2792.39,-2563.78,9776.12,7212.34,5223.86,0,8062.58,850.24
2013-09-21,262.02,5.31,256.71,7212.34,7469.06,5403.63,1,8059.22,590.16
2013-09-22,213.53,11.3,202.23,7469.06,7671.29,5493.62,1,8032.76,361.47
2013-09-23,145.46,88.7,56.76,7671.29,7728.05,5445.36,0,8020.7,292.65
2013-09-24,267.18,71.72,195.46,7728.05,7923.52,5429.25,0,7998.85,75.33
2013-09-25,344.44,68.31,276.13,7923.52,8199.65,5483.58,0,7997.04,0.0
2013-09-26,401.9,72.66,329.24,8199.65,8528.89,5178.08,0,7986.34,0.0
2013-09-27,56.31,1356.94,-1300.63,8528.89,7228.26,5174.82,0,8509.92,1281.66
2013-09-28,344.34,8.61,335.73,7228.26,7563.98,5024.81,1,8508.24,944.26
2013-09-29,276.7,9.69,267.01,7563.98,7831.0,4915.33,1,8125.84,294.84
2013-09-30,223.45,41.27,182.18,7831.0,8013.18,5029.22,0,8087.38,74.2
2013-10-01,319.42,971.87,-652.45,8013.18,7360.73,4735.52,0,8430.39,1069.66
2013-10-02,84.17,62.47,21.7,7360.73,7382.43,4857.26,0,8409.05,1026.62
2013-10-03,415.49,104.4,311.09,7382.43,7693.53,4877.83,0,7919.92,226.39
2013-10-04,188.07,54.68,133.39,7693.53,7826.91,4995.48,0,7936.64,109.73
2013-10-05,193.62,10.37,183.25,7826.91,8010.17,4993.03,1,7937.18,0.0
2013-10-06,273.8,10.21,263.59,8010.17,8273.76,4798.61,1,7902.57,0.0
2013-10-07,72.09,80.28,-8.19,8273.76,8265.56,4839.64,0,7880.23,0.0
2013-10-08,271.54,81.92,189.62,8265.56,8455.19,4637.28,0,7867.62,0.0
2013-10-09,217.82,91.89,125.93,8455.19,8581.12,4581.43,0,7859.02,0.0
2013-10-10,199.07,101.76,97.31,8581.12,8678.43,4424.28,0,7879.61,0.0
2013-10-11,247.74,1451.8,-1204.06,8678.43,7474.37,4314.67,0,8439.43,965.06
2013-10-12,165.78,11.16,154.62,7474.37,7628.98,4215.12,1,8437.88,808.9
2013-10-13,23.62,7.84,15.78,7628.98,7644.77,4398.31,1,7879.79,235.02
2013-10-14,136.74,65.25,71.49,7644.77,7716.26,4364.6,0,7867.91,151.65
2013-10-15,100.68,1496.1,-1395.42,7716.26,6320.84,4385.92,0,8406.72,2085.88
2013-10-16,133.91,68.96,64.95,6320.84,6385.79,4342.62,0,8388.04,2002.25
2013-10-17,208.14,66.45,141.69,6385.79,6527.48,4370.8,0,7853.64,1326.16
2013-10-18,293.43,52.03,241.4,6527.48,6768.87,4339.86,0,7870.05,1101.18
2013-10-19,260.91,6.77,254.14,6768.87,7023.02,4236.53,1,7869.19,846.17
2013-10-20,133.57,9.2,124.37,7023.02,7147.39,4509.73,1,7842.92,695.53
2013-10-21,281.3,49.1,232.2,7147.39,7379.58,4540.02,0,7831.97,452.39
2013-10-22,185.17,90.01,95.16,7379.58,7474.74,4557.4,0,7837.71,362.97
2013-10-23,232.12,70.05,162.07,7474.74,7636.81,4508.81,0,7830.84,194.03
2013-10-24,348.07,85.32,262.75,7636.81,7899.56,4457.63,0,7835.69,0.0
2013-10-25,18.9,1396.69,-1377.79,7899.56,6521.77,4602.53,0,8374.73,1852.96
2013-10-26,279.82,6.15,273.67,6521.77,6795.44,4405.05,1,8373.18,1577.74
2013-10-27,229.46,7.73,221.73,6795.44,7017.18,4283.97,1,8350.23,1333.05
2013-10-28,137.46,66.78,70.68,7017.18,7087.85,4267.84,0,8351.62,1263.77
2013-10-29,110.85,41.26,69.59,7087.85,7157.44,4324.84,0,8331.68,1174.24
2013-10-30,75.39,91.77,-16.38,7157.44,7141.07,4652.27,0,7978.57,837.5
2013-10-31,8.61,64.73,-56.12,7141.07,7084.95,5090.86,0,7460.72,375.77
2013-11-01,209.93,976.68,-766.75,7084.95,6318.2,4880.93,0,7838.5,1520.3
2013-11-02,243.33,3.35,239.98,6318.2,6558.17,4839.72,1,7835.93,1277.76
2013-11-03,210.56,4.31,206.25,6558.17,6764.42,4745.97,1,7814.86,1050.44
2013-11-04,126.92,58.83,68.09,6764.42,6832.51,4889.74,0,7812.2,979.69
2013-11-05,410.49,39.03,371.46,6832.51,7203.97,4657.32,0,7804.92,600.95
2013-11-06,291.43,66.18,225.25,7203.97,7429.22,4733.2,0,7807.45,378.23
2013-11-07,124.0,47.87,76.13,7429.22,7505.35,4728.96,0,7788.84,283.49
2013-11-08,215.37,1320.27,-1104.9,7505.35,6400.45,4784.97,0,8299.66,1899.21
2013-11-09,241.29,6.27,235.02,6400.45,6635.47,4876.29,1,8298.18,1662.71
2013-11-10,483.63,5.68,477.95,6635.47,7113.42,4527.88,1,8277.16,1163.74
2013-11-11,320.19,52.99,267.2,7113.42,7380.62,4501.6,0,8268.56,887.94
2013-11-12,133.08,64.79,68.29,7380.62,7448.9,4401.47,0,8275.77,826.87
2013-11-13,510.5,64.11,446.39,7448.9,7895.29,4279.21,0,8262.13,366.84
2013-11-14,192.13,70.67,121.46,7895.29,8016.75,4462.58,0,7728.43,0.0
2013-11-15,140.11,77.21,62.9,8016.75,8079.65,4672.84,0,7756.02,0.0
2013-11-16,190.7,9.71,180.99,8079.65,8260.65,4732.04,1,7756.7,0.0
2013-11-17,158.78,7.54,151.24,8260.65,8411.88,4573.26,1,7732.05,0.0
2013-11-18,0.0,105.93,-105.93,8411.88,8305.95,4928.81,0,7741.23,0.0
2013-11-19,163.68,74.81,88.87,8305.95,8394.82,4829.25,0,7755.4,0.0
2013-11-20,236.38,59.17,177.21,8394.82,8572.03,4675.28,0,7758.61,0.0
2013-11-21,113.31,71.81,41.5,8572.03,8613.53,4866.62,0,7755.38,0.0
2013-11-22,248.93,1454.01,-1205.08,8613.53,7408.45,4707.29,0,8316.32,907.87
2013-11-23,277.46,8.92,268.54,7408.45,7676.98,4632.04,1,8317.42,640.44
2013-11-24,216.41,7.25,209.16,7676.98,7886.14,4548.73,1,8282.56,396.42
2013-11-25,215.32,62.09,153.23,7886.14,8039.37,4695.64,0,8266.12,226.75
2013-11-26,234.41,82.91,151.5,8039.37,8190.87,4730.63,0,8245.02,54.15
2013-11-27,196.09,100.76,95.33,8190.87,8286.2,4680.89,0,8243.43,0.0
2013-11-28,367.0,40.17,326.83,8286.2,8613.03,4500.29,0,7683.37,0.0
2013-11-29,55.94,45.55,10.39,8613.03,8623.42,4647.21,0,7696.76,0.0
2013-11-30,138.98,10.49,128.49,8623.42,8751.9,4788.88,1,7335.84,0.0
2013-12-01,250.42,975.91,-725.49,8751.9,8026.41,4792.37,1,7676.63,0.0
2013-12-02,44.4,106.92,-62.52,8026.41,7963.9,4930.1,0,7688.1,0.0
2013-12-03,254.33,70.26,184.07,7963.9,8147.96,4720.42,0,7684.42,0.0
2013-12-04,246.04,88.04,158.0,8147.96,8305.97,4594.57,0,7683.29,0.0
2013-12-05,232.1,47.12,184.98,8305.97,8490.95,4362.47,0,7674.18,0.0
2013-12-06,459.85,1365.82,-905.97,8490.95,7584.98,3987.09,0,8200.82,615.84
2013-12-07,297.91,4.88,293.03,7584.98,7878.01,3889.27,1,8199.89,321.88
2013-12-08,76.87,5.91,70.96,7878.01,7948.97,4025.19,1,8175.23,226.26
2013-12-09,57.12,75.19,-18.07,7948.97,7930.9,4403.91,0,8168.16,237.26
2013-12-10,0.0,59.89,-59.89,7930.9,7871.02,4562.47,0,8149.48,278.46
2013-12-11,149.45,90.72,58.73,7871.02,7929.75,4550.29,0,8151.63,221.88
2013-12-12,391.84,78.21,313.63,7929.75,8243.37,4288.38,0,7648.86,0.0
2013-12-13,60.02,87.35,-27.33,8243.37,8216.04,4537.73,0,7677.95,0.0
2013-12-14,0.0,8.05,-8.05,8216.04,8207.99,5086.8,1,7677.35,0.0
2013-12-15,295.53,5.19,290.34,8207.99,8498.33,5062.08,1,7655.38,0.0
2013-12-16,234.48,72.57,161.91,8498.33,8660.24,4857.35,0,7654.71,0.0
2013-12-17,77.33,81.62,-4.29,8660.24,8655.96,5015.96,0,7641.89,0.0
2013-12-18,229.07,67.79,161.28,8655.96,8817.24,4994.87,0,7619.38,0.0
2013-12-19,44.41,93.98,-49.57,8817.24,8767.67,5127.02,0,6570.0,0.0
2013-12-20,48.59,1399.39,-1350.8,8767.67,7416.87,5253.28,0,7112.14,0.0
2013-12-21,114.61,7.48,107.13,7416.87,7523.99,5463.63,1,7110.66,0.0
2013-12-22,109.96,7.13,102.83,7523.99,7626.83,5625.24,1,7078.94,0.0
2013-12-23,413.74,50.53,363.21,7626.83,7990.04,5385.57,0,7070.7,0.0
2013-12-24,239.8,54.54,185.26,7990.04,8175.3,5425.15,0,7065.34,0.0
2013-12-25,56.92,59.6,-2.68,8175.3,8172.62,5491.41,0,7060.26,0.0
2013-12-26,198.16,61.88,136.28,8172.62,8308.9,5521.48,0,6556.63,0.0
2013-12-27,327.3,30.24,297.06,8308.9,8605.96,5601.68,0,6565.04,0.0
2013-12-28,323.95,10.9,313.05,8605.96,8919.01,5410.9,1,6565.51,0.0
2013-12-29,75.26,7.58,67.68,8919.01,8986.7,5597.77,1,6552.41,0.0
2013-12-30,110.62,62.82,47.8,8986.7,9034.5,5740.75,0,6198.89,0.0
2013-12-31,381.99,91.22,290.77,9034.5,9325.26,5642.88,0,6210.07,0.0
2014-01-01,326.51,960.82,-634.31,9325.26,8690.96,5639.21,0,6543.12,0.0
2014-01-02,224.56,103.03,121.53,8690.96,8812.48,5442.28,0,6561.92,0.0
2014-01-03,333.48,1413.37,-1079.89,8812.48,7732.6,5673.3,0,7107.54,0.0
2014-01-04,298.68,8.23,290.45,7732.6,8023.05,5539.41,1,7106.77,0.0
2014-01-05,108.58,7.93,100.65,8023.05,8123.69,5635.92,1,7078.63,0.0
2014-01-06,241.1,67.04,174.06,8123.69,8297.76,5549.91,0,7072.84,0.0
2014-01-07,353.03,73.04,279.99,8297.76,8577.74,5421.29,0,7065.51,0.0
2014-01-08,115.28,79.52,35.76,8577.74,8613.51,5409.75,0,7056.86,0.0
2014-01-09,277.44,69.52,207.92,8613.51,8821.42,5418.51,0,6519.31,0.0
2014-01-10,62.1,82.4,-20.3,8821.42,8801.12,5426.98,0,6547.01,0.0
2014-01-11,252.48,8.17,244.31,8801.12,9045.43,5517.86,1,6547.14,0.0
2014-01-12,104.91,11.09,93.82,9045.43,9139.26,5654.67,1,6526.08,0.0
2014-01-13,239.9,68.64,171.26,9139.26,9310.52,5980.6,0,5970.96,0.0
2014-01-14,160.04,89.86,70.18,9310.52,9380.7,6094.58,0,5979.08,0.0
2014-01-15,161.04,1487.49,-1326.45,9380.7,8054.25,6089.19,0,6531.71,0.0
2014-01-16,374.59,68.28,306.31,8054.25,8360.55,5778.12,0,6538.03,0.0
2014-01-17,288.41,1404.16,-1115.75,8360.55,7244.81,5596.65,0,7081.46,0.0
2014-01-18,77.88,9.17,68.71,7244.81,7313.52,5881.28,1,7081.45,0.0
2014-01-19,346.42,7.15,339.27,7313.52,7652.8,5787.31,1,7065.14,0.0
2014-01-20,376.1,63.97,312.13,7652.8,7964.93,5469.65,0,7055.01,0.0
2014-01-21,156.34,82.79,73.55,7964.93,8038.48,5505.83,0,7059.96,0.0
2014-01-22,306.79,90.69,216.1,8038.48,8254.58,5626.02,0,7062.05,0.0
2014-01-23,221.75,101.27,120.48,8254.58,8375.06,5687.18,0,6558.28,0.0
2014-01-24,292.41,74.4,218.01,8375.06,8593.07,5652.28,0,6584.82,0.0
2014-01-25,159.68,10.34,149.34,8593.07,8742.41,5848.96,1,6585.83,0.0
2014-01-26,189.61,12.12,177.49,8742.41,8919.9,5849.38,1,6564.58,0.0
2014-01-27,66.03,51.98,14.05,8919.9,8933.95,6156.34,0,6568.75,0.0
2014-01-28,109.46,109.38,0.08,8933.95,8934.03,6158.42,0,6575.59,0.0
2014-01-29,323.48,86.32,237.16,8934.03,9171.19,6032.6,0,6583.99,0.0
2014-01-30,338.44,91.37,247.07,9171.19,9418.26,5995.92,0,6239.7,0.0
2014-01-31,140.71,1406.39,-1265.68,9418.26,8152.58,6066.51,0,6785.33,0.0
2014-02-01,213.28,940.61,-727.33,8152.58,7425.25,6261.1,1,7149.45,0.0
2014-02-02,114.21,8.23,105.98,7425.25,7531.23,6485.87,1,7129.77,0.0
2014-02-03,165.05,74.15,90.9,7531.23,7622.13,6622.9,0,7143.43,0.0
2014-02-04,161.97,62.69,99.28,7622.13,7721.41,6517.76,0,7142.07,0.0
2014-02-05,116.85,82.27,34.58,7721.41,7755.99,6487.27,0,7155.45,0.0
2014-02-06,71.37,63.09,8.28,7755.99,7764.27,6746.95,0,6666.54,0.0
2014-02-07,560.3,58.21,502.09,7764.27,8266.35,6286.06,0,6686.74,0.0
2014-02-08,351.23,8.88,342.35,8266.35,8608.7,6070.36,1,6687.99,0.0
2014-02-09,173.14,14.77,158.37,8608.7,8767.08,6159.85,1,6673.12,0.0
2014-02-10,370.09,81.83,288.26,8767.08,9055.34,6404.94,0,6679.75,0.0
2014-02-11,311.06,85.23,225.83,9055.34,9281.16,6405.52,0,6687.96,0.0
2014-02-12,0.0,83.32,-83.32,9281.16,9197.84,6925.16,0,6692.88,0.0
2014-02-13,612.07,98.85,513.22,9197.84,9711.06,6709.02,0,6701.3,0.0
2014-02-14,263.18,1440.68,-1177.5,9711.06,8533.56,6658.4,0,7257.79,0.0
2014-02-15,200.5,10.66,189.84,8533.56,8723.4,7010.72,1,7259.0,0.0
2014-02-16,272.25,14.62,257.63,8723.4,8981.03,7312.06,1,7223.49,0.0
2014-02-17,87.38,100.0,-12.62,8981.03,8968.41,7723.38,0,7233.29,0.0
2014-02-18,145.07,95.37,49.7,8968.41,9018.12,7946.6,0,7247.36,0.0
2014-02-19,178.3,89.82,88.48,9018.12,9106.6,8011.37,0,7254.37,0.0
2014-02-20,338.81,85.23,253.58,9106.6,9360.17,8051.91,0,6722.06,0.0
2014-02-21,158.51,117.6,40.91,9360.17,9401.09,8194.42,0,6764.33,0.0
2014-02-22,459.66,13.21,446.45,9401.09,9847.54,8197.11,1,6766.65,0.0
2014-02-23,390.54,12.9,377.64,9847.54,10225.18,8038.36,1,6747.52,0.0
2014-02-24,103.39,84.52,18.87,10225.18,10244.04,8309.24,0,6748.14,0.0
2014-02-25,202.77,97.39,105.38,10244.04,10349.42,8278.84,0,6746.83,0.0
2014-02-26,261.52,141.61,119.91,10349.42,10469.33,8233.68,0,6786.28,0.0
2014-02-27,318.21,99.05,219.16,10469.33,10688.49,8303.8,0,6807.09,0.0
2014-02-28,109.83,1462.71,-1352.88,10688.49,9335.61,8289.65,0,7371.84,0.0
2014-03-01,469.14,964.83,-495.69,9335.61,8839.91,8329.41,1,7367.53,0.0
2014-03-02,407.76,10.87,396.89,8839.91,9236.81,8107.41,1,7330.18,0.0
2014-03-03,215.81,95.35,120.46,9236.81,9357.26,8206.45,0,7339.94,0.0
2014-03-04,396.62,121.68,274.94,9357.26,9632.2,8053.03,0,7353.02,0.0
2014-03-05,864.82,95.32,769.5,9632.2,10401.7,7469.85,0,7371.76,0.0
2014-03-06,265.59,131.01,134.58,10401.7,10536.28,7316.71,0,6891.56,0.0
2014-03-07,585.46,166.11,419.35,10536.28,10955.63,6940.26,0,6954.26,0.0
2014-03-08,122.53,17.21,105.32,10955.63,11060.95,7067.84,1,6958.65,0.0
2014-03-09,305.76,19.26,286.5,11060.95,11347.45,6840.29,1,6936.9,0.0
2014-03-10,82.53,111.31,-28.78,11347.45,11318.68,6910.39,0,6956.9,0.0
2014-03-11,271.55,207.92,63.63,11318.68,11382.3,7053.03,0,7002.48,0.0
2014-03-12,97.85,84.39,13.46,11382.3,11395.77,7132.79,0,7004.88,0.0
2014-03-13,366.38,216.62,149.76,11395.77,11545.52,7147.88,0,7055.15,0.0
2014-03-14,159.61,1544.75,-1385.14,11545.52,10160.38,7084.54,0,7652.76,0.0
2014-03-15,90.95,15.58,75.37,10160.38,10235.75,7236.7,1,7656.8,0.0
2014-03-16,217.76,17.74,200.02,10235.75,10435.77,7154.77,1,7635.48,0.0
2014-03-17,248.23,165.28,82.95,10435.77,10518.73,7228.11,0,7668.01,0.0
2014-03-18,676.09,129.34,546.75,10518.73,11065.47,6894.61,0,7691.95,0.0
2014-03-19,302.02,150.32,151.7,11065.47,11217.17,6937.22,0,7713.86,0.0
2014-03-20,376.29,3812.54,-3436.25,11217.17,7780.93,6682.18,0,8652.3,871.37
2014-03-21,209.68,144.44,65.24,7780.93,7846.16,6700.91,0,8705.57,859.41
2014-03-22,429.13,10.96,418.17,7846.16,8264.33,6542.19,1,8707.06,442.73
2014-03-23,127.1,11.84,115.26,8264.33,8379.59,6798.56,1,8692.01,312.42
2014-03-24,291.31,77.89,213.42,8379.59,8593.0,6703.09,0,8701.09,108.09
2014-03-25,396.16,124.06,272.1,8593.0,8865.1,6755.78,0,8726.16,0.0
2014-03-26,219.05,101.49,117.56,8865.1,8982.66,6791.49,0,8741.56,0.0
2014-03-27,273.2,91.59,181.61,8982.66,9164.27,6540.94,0,8765.42,0.0
2014-03-28,258.27,1440.39,-1182.12,9164.27,7982.15,6489.59,0,9321.33,1339.18
2014-03-29,236.19,12.31,223.88,7982.15,8206.04,6715.15,1,9323.17,1117.13
2014-03-30,351.4,10.41,340.99,8206.04,8547.03,6766.06,1,9302.79,755.76
2014-03-31,333.43,118.47,214.96,8547.03,8761.99,6712.21,0,9313.39,551.4
2014-04-01,249.21,1055.21,-806.0,8761.99,7956.0,6606.85,0,9350.09,1394.09
2014-04-02,328.8,107.32,221.48,7956.0,8177.48,6377.03,0,9351.76,1174.28
2014-04-03,175.84,172.8,3.04,8177.48,8180.52,6593.61,0,8869.32,688.8
2014-04-04,132.76,60.22,72.54,8180.52,8253.06,6789.0,0,8889.54,636.48
2014-04-05,201.09,8.33,192.76,8253.06,8445.82,7062.6,1,8889.69,443.87
2014-04-06,451.13,12.99,438.14,8445.82,8883.97,6893.63,1,8868.67,0.0
2014-04-07,191.11,121.47,69.64,8883.97,8953.61,7077.52,0,8887.51,0.0
2014-04-08,167.53,118.61,48.92,8953.61,9002.54,6948.34,0,8902.71,0.0
2014-04-09,62.91,118.58,-55.67,9002.54,8946.86,7059.97,0,8921.79,0.0
2014-04-10,237.93,117.99,119.94,8946.86,9066.8,6980.76,0,8935.63,0.0
2014-04-11,433.85,1449.76,-1015.91,9066.8,8050.89,7175.23,0,9496.25,1445.36
2014-04-12,491.53,9.24,482.29,8050.89,8533.17,7024.48,1,9495.53,962.36
2014-04-13,251.35,8.31,243.04,8533.17,8776.21,7154.86,1,9472.07,695.86
2014-04-14,330.79,103.21,227.58,8776.21,9003.79,7190.92,0,9477.26,473.47
2014-04-15,61.14,1573.5,-1512.36,9003.79,7491.44,7463.3,0,9510.71,2019.27
2014-04-16,283.47,96.34,187.13,7491.44,7678.57,7528.68,0,9521.62,1843.05
2014-04-17,179.35,91.87,87.48,7678.57,7766.05,7698.18,0,9011.28,1245.23
2014-04-18,296.4,74.89,221.51,7766.05,7987.56,7497.17,0,9036.84,1049.28
2014-04-19,502.05,13.83,488.22,7987.56,8475.77,7268.63,1,9039.44,563.67
2014-04-20,315.46,14.59,300.87,8475.77,8776.64,7076.52,1,9020.24,243.6
2014-04-21,366.71,105.37,261.34,8776.64,9037.98,7277.52,0,9029.02,0.0
2014-04-22,95.7,92.18,3.52,9037.98,9041.5,7559.19,0,9029.6,0.0
2014-04-23,247.9,108.56,139.34,9041.5,9180.84,7416.22,0,9032.43,0.0
2014-04-24,135.52,146.27,-10.75,9180.84,9170.09,7545.62,0,9060.38,0.0
2014-04-25,270.27,1390.44,-1120.17,9170.09,8049.92,7460.06,0,9597.09,1547.17
2014-04-26,277.19,7.03,270.16,8049.92,8320.08,7428.49,1,9595.11,1275.03
2014-04-27,90.67,15.15,75.52,8320.08,8395.6,7800.98,1,9580.78,1185.18
2014-04-28,562.6,88.22,474.38,8395.6,8869.98,7600.97,0,9572.55,702.57
2014-04-29,112.1,116.85,-4.75,8869.98,8865.23,7783.28,0,9584.43,719.2
2014-04-30,34.73,117.86,-83.13,8865.23,8782.1,7987.0,0,9594.73,812.63
2014-05-01,337.39,1042.66,-705.27,8782.1,8076.83,7773.98,0,9453.28,1376.45
2014-05-02,333.88,83.89,249.99,8076.83,8326.82,7547.72,0,9120.11,793.29
2014-05-03,358.77,15.15,343.62,8326.82,8670.44,7647.82,1,9122.8,452.36
2014-05-04,86.87,10.96,75.91,8670.44,8746.35,7908.63,1,9098.23,351.88
2014-05-05,216.87,112.51,104.36,8746.35,8850.71,7879.34,0,9117.6,266.89
2014-05-06,295.73,80.02,215.71,8850.71,9066.42,7650.66,0,9116.73,50.31
2014-05-07,363.46,115.96,247.5,9066.42,9313.92,7702.53,0,9137.29,0.0
2014-05-08,205.26,98.94,106.32,9313.92,9420.24,7942.33,0,9153.13,0.0
2014-05-09,158.63,1430.3,-1271.67,9420.24,8148.57,7967.69,0,9705.9,1557.33
2014-05-10,208.51,13.58,194.93,8148.57,8343.51,7938.53,1,9705.44,1361.93
2014-05-11,315.32,14.19,301.13,8343.51,8644.64,8120.9,1,9679.13,1034.49
2014-05-12,524.29,77.45,446.84,8644.64,9091.48,7758.18,0,9676.11,584.63
2014-05-13,277.77,152.24,125.53,9091.48,9217.01,7773.1,0,9702.91,485.9
2014-05-14,507.1,115.34,391.76,9217.01,9608.78,7666.58,0,9709.32,100.54
2014-05-15,38.35,97.33,-58.98,9608.78,9549.79,7730.61,0,9186.91,0.0
2014-05-16,305.2,64.49,240.71,9549.79,9790.51,7609.1,0,9207.84,0.0
2014-05-17,331.24,11.33,319.91,9790.51,10110.42,7461.99,1,9206.56,0.0
2014-05-18,306.2,13.99,292.21,10110.42,10402.63,7378.3,1,9173.12,0.0
2014-05-19,195.12,84.01,111.11,10402.63,10513.74,7229.47,0,9168.7,0.0
2014-05-20,459.82,103.82,356.0,10513.74,10869.74,7180.75,0,9174.14,0.0
2014-05-21,177.49,74.78,102.71,10869.74,10972.45,7476.79,0,9170.08,0.0
2014-05-22,195.46,105.19,90.27,10972.45,11062.72,7580.11,0,9165.25,0.0
2014-05-23,138.83,1454.93,-1316.1,11062.72,9746.62,8026.51,0,9725.92,0.0
2014-05-24,380.92,15.95,364.97,9746.62,10111.59,8086.57,1,9727.11,0.0
2014-05-25,279.97,15.6,264.37,10111.59,10375.95,8013.19,1,9700.3,0.0
2014-05-26,285.26,135.16,150.1,10375.95,10526.05,7920.33,0,9714.99,0.0
2014-05-27,443.1,83.55,359.55,10526.05,10885.6,7733.98,0,9692.41,0.0
2014-05-28,476.28,181.82,294.46,10885.6,11180.07,7708.61,0,9724.6,0.0
2014-05-29,309.09,130.78,178.31,11180.07,11358.38,7807.87,0,9206.63,0.0
2014-05-30,446.99,204.36,242.63,11358.38,11601.0,8145.06,0,8910.89,0.0
2014-05-31,79.98,23.5,56.48,11601.0,11657.49,8470.56,1,8915.8,0.0
2014-06-01,112.4,979.24,-866.84,11657.49,10790.65,8852.46,1,9259.54,0.0
2014-06-02,0.0,142.31,-142.31,10790.65,10648.34,9345.04,0,9267.56,0.0
2014-06-03,429.85,110.58,319.27,10648.34,10967.61,9048.89,0,9273.49,0.0
2014-06-04,316.87,125.14,191.73,10967.61,11159.35,8878.62,0,9271.21,0.0
2014-06-05,377.94,225.6,152.34,11159.35,11311.69,8741.41,0,9294.35,0.0
2014-06-06,161.12,1453.36,-1292.24,11311.69,10019.45,8869.08,0,9852.85,0.0
2014-06-07,53.52,19.02,34.5,10019.45,10053.95,9058.93,1,9852.76,0.0
2014-06-08,432.59,14.84,417.75,10053.95,10471.7,9097.62,1,9815.24,0.0
2014-06-09,236.85,183.5,53.35,10471.7,10525.04,8997.35,0,9805.74,0.0
2014-06-10,175.67,72.92,102.75,10525.04,10627.79,9394.79,0,9801.28,0.0
2014-06-11,274.99,187.0,87.99,10627.79,10715.78,9253.61,0,9789.76,0.0
2014-06-12,340.6,161.02,179.58,10715.78,10895.37,9131.12,0,9251.65,0.0
2014-06-13,533.34,98.87,434.47,10895.37,11329.84,8879.98,0,9284.04,0.0
2014-06-14,184.57,18.56,166.01,11329.84,11495.85,9242.73,1,9284.36,0.0
2014-06-15,292.0,14.95,277.05,11495.85,11772.89,9249.67,1,9225.89,0.0
2014-06-16,262.83,149.76,113.07,11772.89,11885.96,9088.4,0,9233.84,0.0
2014-06-17,647.0,216.53,430.47,11885.96,12316.43,9172.25,0,9259.58,0.0
2014-06-18,300.61,147.33,153.28,12316.43,12469.71,9409.71,0,7834.22,0.0
2014-06-19,335.21,160.7,174.51,12469.71,12644.22,9305.84,0,7840.55,0.0
2014-06-20,356.75,1525.68,-1168.93,12644.22,11475.29,9377.63,0,8429.61,0.0
2014-06-21,310.27,18.64,291.63,11475.29,11766.92,9524.38,1,8432.25,0.0
2014-06-22,435.97,20.3,415.67,11766.92,12182.6,9392.59,1,8409.85,0.0
2014-06-23,486.22,177.32,308.9,12182.6,12491.5,8955.23,0,8430.57,0.0
2014-06-24,79.49,197.43,-117.94,12491.5,12373.56,9051.03,0,8467.88,0.0
2014-06-25,420.43,102.74,317.69,12373.56,12691.25,8979.6,0,8472.21,0.0
2014-06-26,386.48,159.22,227.26,12691.25,12918.5,8670.62,0,7973.98,0.0
2014-06-27,600.05,182.46,417.59,12918.5,13336.09,8283.71,0,8040.15,0.0
2014-06-28,713.72,33.97,679.75,13336.09,14015.85,7655.14,1,8049.31,0.0
2014-06-29,92.33,26.6,65.73,14015.85,14081.58,8138.85,1,8013.58,0.0
2014-06-30,343.46,239.0,104.46,14081.58,14186.04,8177.63,0,7696.17,0.0
2014-07-01,511.94,1149.88,-637.94,14186.04,13548.09,8063.23,0,8101.61,0.0
2014-07-02,225.83,351.79,-125.96,13548.09,13422.13,8060.04,0,8171.22,0.0
2014-07-03,427.5,279.34,148.16,13422.13,13570.29,7680.68,0,8256.43,0.0
2014-07-04,209.61,1510.09,-1300.48,13570.29,12269.81,7830.49,0,8840.45,0.0
2014-07-05,381.19,24.22,356.97,12269.81,12626.78,7652.26,1,8844.82,0.0
2014-07-06,134.71,30.98,103.73,12626.78,12730.51,7851.06,1,8809.62,0.0
2014-07-07,320.09,141.32,178.77,12730.51,12909.28,7961.27,0,8818.46,0.0
2014-07-08,198.04,246.06,-48.02,12909.28,12861.26,8315.64,0,8868.03,0.0
2014-07-09,179.38,174.38,5.0,12861.26,12866.26,8518.67,0,8889.96,0.0
2014-07-10,502.46,337.44,165.02,12866.26,13031.28,8340.97,0,8457.39,0.0
2014-07-11,44.13,263.37,-219.24,13031.28,12812.04,8777.98,0,8556.22,0.0
2014-07-12,389.69,17.01,372.68,12812.04,13184.72,8982.15,1,8559.6,0.0
2014-07-13,372.13,31.6,340.53,13184.72,13525.25,8933.86,1,8531.76,0.0
2014-07-14,73.54,221.19,-147.65,13525.25,13377.6,9065.83,0,8005.86,0.0
2014-07-15,343.16,1774.12,-1430.96,13377.6,11946.64,8954.39,0,8658.33,0.0
2014-07-16,208.45,152.62,55.83,11946.64,12002.47,8759.3,0,8681.95,0.0
2014-07-17,514.61,281.12,233.49,12002.47,12235.96,8384.75,0,8762.15,0.0
2014-07-18,439.05,1559.24,-1120.19,12235.96,11115.77,8496.89,0,9363.15,0.0
2014-07-19,321.0,26.03,294.97,11115.77,11410.74,8683.64,1,9367.59,0.0
2014-07-20,358.07,33.31,324.76,11410.74,11735.5,8816.75,1,9339.57,0.0
2014-07-21,409.47,166.09,243.38,11735.5,11978.88,8735.33,0,9368.31,0.0
2014-07-22,206.46,246.51,-40.05,11978.88,11938.83,8895.37,0,9421.96,0.0
2014-07-23,235.07,40.72,194.35,11938.83,12133.18,8933.32,0,9380.91,0.0
2014-07-24,312.87,177.62,135.25,12133.18,12268.44,8945.9,0,8909.26,0.0
2014-07-25,594.07,249.72,344.35,12268.44,12612.79,8556.47,0,9003.64,0.0
2014-07-26,311.18,24.94,286.24,12612.79,12899.03,8728.35,1,9007.45,0.0
2014-07-27,466.5,21.63,444.87,12899.03,13343.9,8666.87,1,8981.55,0.0
2014-07-28,345.8,230.64,115.16,13343.9,13459.06,8531.86,0,9025.8,0.0
2014-07-29,208.39,204.92,3.47,13459.06,13462.53,8696.88,0,9059.66,0.0
2014-07-30,340.46,249.02,91.44,13462.53,13553.97,8909.74,0,8751.02,0.0
2014-07-31,391.33,263.17,128.16,13553.97,13682.14,8792.96,0,8820.74,0.0
2014-08-01,259.52,2538.36,-2278.84,13682.14,11403.29,9093.71,0,9801.99,0.0
2014-08-02,116.24,17.62,98.62,11403.29,11501.91,9170.12,1,9804.58,0.0
2014-08-03,621.75,18.18,603.57,11501.91,12105.48,8756.83,1,9767.9,0.0
2014-08-04,240.79,258.16,-17.37,12105.48,12088.11,8751.18,0,9837.17,0.0
2014-08-05,238.47,91.38,147.09,12088.11,12235.2,8586.36,0,9827.62,0.0
2014-08-06,183.94,180.41,3.53,12235.2,12238.72,8893.37,0,9859.3,0.0
2014-08-07,167.98,182.89,-14.91,12238.72,12223.81,9030.62,0,9374.19,0.0
2014-08-08,307.26,258.64,48.62,12223.81,12272.44,8946.22,0,9469.5,0.0
2014-08-09,343.92,24.95,318.97,12272.44,12591.41,8998.09,1,9473.68,0.0
2014-08-10,401.67,23.56,378.11,12591.41,12969.52,9027.26,1,9452.72,0.0
2014-08-11,409.86,226.4,183.46,12969.52,13152.98,8877.86,0,9481.56,0.0
2014-08-12,241.46,216.38,25.08,13152.98,13178.06,9063.1,0,9520.86,0.0
2014-08-13,257.74,189.64,68.1,13178.06,13246.15,8922.95,0,9556.75,0.0
2014-08-14,228.14,102.77,125.37,13246.15,13371.52,8938.71,0,9571.64,0.0
2014-08-15,207.09,1548.96,-1341.87,13371.52,12029.65,8903.62,0,10169.61,0.0
2014-08-16,341.83,18.75,323.08,12029.65,12352.73,8815.75,1,10171.46,0.0
2014-08-17,480.23,20.48,459.75,12352.73,12812.48,8444.61,1,10146.75,0.0
2014-08-18,253.87,208.33,45.54,12812.48,12858.01,8475.45,0,10187.4,0.0
2014-08-19,368.02,174.85,193.17,12858.01,13051.19,8353.67,0,10226.31,0.0
2014-08-20,417.95,129.29,288.66,13051.19,13339.85,8126.62,0,10235.68,0.0
2014-08-21,80.36,209.14,-128.78,13339.85,13211.07,8415.2,0,9751.21,0.0
2014-08-22,342.59,156.22,186.37,13211.07,13397.44,8367.36,0,9805.76,0.0
2014-08-23,117.72,29.09,88.63,13397.44,13486.07,8677.97,1,9811.01,0.0
2014-08-24,575.2,26.3,548.9,13486.07,14034.96,8386.84,1,9768.67,0.0
2014-08-25,546.1,232.6,313.5,14034.96,14348.47,8170.12,0,9826.63,0.0
2014-08-26,285.11,200.61,84.5,14348.47,14432.97,8045.22,0,9833.94,0.0
2014-08-27,154.63,148.76,5.87,14432.97,14438.83,8753.14,0,9840.93,0.0
2014-08-28,296.07,267.31,28.76,14438.83,14467.6,8690.21,0,9865.41,0.0
2014-08-29,501.37,1477.92,-976.55,14467.6,13491.04,8383.81,0,10431.02,0.0
2014-08-30,150.26,33.79,116.47,13491.04,13607.51,8318.96,1,10063.35,0.0
2014-08-31,323.64,23.64,300.0,13607.51,13907.52,8283.11,1,10017.2,0.0
2014-09-01,178.78,1016.37,-837.59,13907.52,13069.92,8738.03,0,10369.45,0.0
2014-09-02,384.27,143.93,240.34,13069.92,13310.27,8704.62,0,10376.76,0.0
2014-09-03,412.35,204.14,208.21,13310.27,13518.48,8474.52,0,10368.41,0.0
2014-09-04,305.02,246.63,58.39,13518.48,13576.87,8388.36,0,9899.13,0.0
2014-09-05,399.66,208.15,191.51,13576.87,13768.38,8326.47,0,9972.68,0.0
2014-09-06,365.22,24.46,340.76,13768.38,14109.14,8316.79,1,9976.42,0.0
2014-09-07,544.03,20.32,523.71,14109.14,14632.85,8098.44,1,9912.96,0.0
2014-09-08,440.68,188.18,252.5,14632.85,14885.35,8151.62,0,9957.78,0.0
2014-09-09,165.41,324.36,-158.95,14885.35,14726.39,8264.19,0,10011.2,0.0
2014-09-10,199.29,157.33,41.96,14726.39,14768.35,8401.17,0,10009.77,0.0
2014-09-11,337.59,159.08,178.51,14768.35,14946.86,8285.32,0,10033.18,0.0
2014-09-12,599.62,1620.88,-1021.26,14946.86,13925.6,7952.04,0,10656.31,0.0
2014-09-13,600.84,20.49,580.35,13925.6,14505.95,7736.12,1,10658.46,0.0
2014-09-14,460.21,22.82,437.39,14505.95,14943.34,7669.32,1,10609.1,0.0
2014-09-15,289.56,291.25,-1.69,14943.34,14941.65,7684.76,0,10638.15,0.0
2014-09-16,374.19,232.04,142.15,14941.65,15083.79,7851.0,0,10671.1,0.0
2014-09-17,404.14,213.46,190.68,15083.79,15274.47,8200.68,0,10691.61,0.0
2014-09-18,223.25,214.12,9.13,15274.47,15283.61,8214.47,0,10181.56,0.0
2014-09-19,126.85,222.86,-96.01,15283.61,15187.6,8367.22,0,10260.98,0.0
2014-09-20,294.47,3253.63,-2959.16,15187.6,12228.45,8348.51,1,11518.39,0.0
2014-09-21,194.16,24.06,170.1,12228.45,12398.55,8487.9,1,11458.79,0.0
2014-09-22,352.75,221.89,130.86,12398.55,12529.41,8474.24,0,11468.3,0.0
2014-09-23,227.53,226.02,1.51,12529.41,12530.92,8705.14,0,11516.24,0.0
2014-09-24,375.26,191.6,183.66,12530.92,12714.57,8427.52,0,11528.83,0.0
2014-09-25,515.95,227.49,288.46,12714.57,13003.03,8324.46,0,11546.34,0.0
2014-09-26,406.99,1642.57,-1235.58,13003.03,11767.45,8467.83,0,12171.91,404.46
2014-09-27,172.27,27.9,144.37,11767.45,11911.83,8549.54,1,12172.42,260.59
2014-09-28,180.41,19.52,160.89,11911.83,12072.71,8699.94,1,12087.06,14.35
2014-09-29,349.73,190.67,159.06,12072.71,12231.78,8683.07,0,11714.04,0.0
2014-09-30,439.34,218.54,220.8,12231.78,12452.57,8795.24,0,11662.22,0.0
2014-10-01,542.33,1241.82,-699.49,12452.57,11753.09,8454.82,0,12036.52,283.43
2014-10-02,438.53,230.17,208.36,11753.09,11961.44,8415.73,0,11538.77,0.0
2014-10-03,437.6,151.32,286.28,11961.44,12247.72,8377.51,0,11588.2,0.0
2014-10-04,291.5,31.02,260.48,12247.72,12508.2,8788.49,1,11588.21,0.0
2014-10-05,408.36,24.46,383.9,12508.2,12892.11,8935.52,1,11542.77,0.0
2014-10-06,476.17,227.0,249.17,12892.11,13141.27,8938.43,0,11535.35,0.0
2014-10-07,123.37,178.08,-54.71,13141.27,13086.56,9217.17,0,11536.79,0.0
2014-10-08,34.96,288.08,-253.12,13086.56,12833.44,9478.41,0,11517.6,0.0
2014-10-09,224.69,196.69,28.0,12833.44,12861.44,9471.98,0,11491.67,0.0
2014-10-10,377.62,1487.43,-1109.81,12861.44,11751.63,9410.99,0,12063.5,311.87
2014-10-11,375.13,20.62,354.51,11751.63,12106.14,9518.6,1,12059.23,0.0
2014-10-12,350.66,13.83,336.83,12106.14,12442.97,9552.23,1,11978.59,0.0
2014-10-13,402.18,225.78,176.4,12442.97,12619.37,9351.76,0,11376.45,0.0
2014-10-14,438.41,161.15,277.26,12619.37,12896.64,9126.01,0,11379.77,0.0
2014-10-15,292.49,1919.13,-1626.64,12896.64,11270.0,9114.32,0,12016.78,746.78
2014-10-16,339.41,189.95,149.46,11270.0,11419.46,8886.81,0,11484.27,64.81
2014-10-17,325.09,145.39,179.7,11419.46,11599.16,8799.78,0,11530.69,0.0
2014-10-18,303.25,23.82,279.43,11599.16,11878.59,8602.0,1,11527.0,0.0
2014-10-19,109.7,15.02,94.68,11878.59,11973.27,8646.44,1,11468.25,0.0
2014-10-20,453.5,160.4,293.1,11973.27,12266.37,8317.54,0,11434.76,0.0
2014-10-21,498.36,220.55,277.81,12266.37,12544.17,8224.95,0,11504.7,0.0
2014-10-22,411.4,208.07,203.33,12544.17,12747.51,7991.31,0,11516.54,0.0
2014-10-23,443.25,277.52,165.73,12747.51,12913.24,7822.09,0,11527.35,0.0
2014-10-24,202.89,1503.66,-1300.77,12913.24,11612.46,8008.55,0,12102.41,489.95
2014-10-25,281.64,20.77,260.87,11612.46,11873.34,8044.89,1,12102.07,228.73
2014-10-26,376.63,18.25,358.38,11873.34,12231.71,7973.26,1,12019.48,0.0
2014-10-27,376.89,140.52,236.37,12231.71,12468.08,7883.2,0,11994.43,0.0
2014-10-28,437.94,178.64,259.3,12468.08,12727.38,7990.55,0,11967.06,0.0
2014-10-29,200.21,171.64,28.57,12727.38,12755.95,8101.0,0,11931.47,0.0
2014-10-30,342.63,218.75,123.88,12755.95,12879.83,7886.04,0,11029.4,0.0
2014-10-31,493.34,177.89,315.45,12879.83,13195.29,7691.8,0,11091.73,0.0
2014-11-01,625.19,951.62,-326.43,13195.29,12868.86,7262.71,1,11454.73,0.0
2014-11-02,343.1,23.3,319.8,12868.86,13188.65,7042.49,1,11363.4,0.0
2014-11-03,125.08,201.81,-76.73,13188.65,13111.93,7165.81,0,11406.34,0.0
2014-11-04,342.46,196.04,146.42,13111.93,13258.35,7297.39,0,11412.42,0.0
2014-11-05,235.27,224.36,10.91,13258.35,13269.26,7614.67,0,11428.55,0.0
2014-11-06,201.6,236.91,-35.31,13269.26,13233.96,7636.94,0,11420.1,0.0
2014-11-07,397.71,1438.49,-1040.78,13233.96,12193.18,7674.0,0,11969.81,0.0
2014-11-08,61.44,21.27,40.17,12193.18,12233.35,7919.49,1,11968.92,0.0
2014-11-09,184.26,20.0,164.26,12233.35,12397.61,8187.21,1,11888.65,0.0
2014-11-10,350.58,139.2,211.38,12397.61,12608.99,8069.19,0,11858.63,0.0
2014-11-11,313.41,209.48,103.93,12608.99,12712.93,7844.96,0,11866.35,0.0
2014-11-12,156.46,225.39,-68.93,12712.93,12643.99,7853.12,0,11914.04,0.0
2014-11-13,194.37,184.67,9.7,12643.99,12653.69,7997.86,0,11383.48,0.0
2014-11-14,239.83,182.75,57.08,12653.69,12710.77,7875.66,0,11447.26,0.0
2014-11-15,447.64,26.46,421.18,12710.77,13131.95,7771.86,1,11449.58,0.0
2014-11-16,176.37,25.82,150.55,13131.95,13282.5,7878.94,1,11378.6,0.0
2014-11-17,311.53,199.68,111.85,13282.5,13394.35,7986.77,0,11388.26,0.0
2014-11-18,263.76,171.07,92.69,13394.35,13487.05,7954.35,0,11404.51,0.0
2014-11-19,195.65,245.79,-50.14,13487.05,13436.9,7961.84,0,11418.76,0.0
2014-11-20,242.54,181.87,60.67,13436.9,13497.57,7999.35,0,11428.74,0.0
2014-11-21,125.42,1597.55,-1472.13,13497.57,12025.44,8304.67,0,12038.69,13.25
2014-11-22,725.5,17.92,707.58,12025.44,12733.02,7926.36,1,12035.43,0.0
2014-11-23,85.84,11.58,74.26,12733.02,12807.27,8241.57,1,11949.48,0.0
2014-11-24,544.03,120.2,423.83,12807.27,13231.11,7846.44,0,11918.21,0.0
2014-11-25,107.86,119.47,-11.61,13231.11,13219.5,8027.87,0,11906.82,0.0
2014-11-26,220.42,146.82,73.6,13219.5,13293.1,8015.38,0,11859.96,0.0
2014-11-27,190.24,194.79,-4.55,13293.1,13288.55,7974.71,0,11360.97,0.0
2014-11-28,470.09,218.03,252.06,13288.55,13540.61,7964.11,0,11432.62,0.0
2014-11-29,424.57,25.29,399.28,13540.61,13939.89,7932.28,1,11433.26,0.0
2014-11-30,482.19,27.6,454.59,13939.89,14394.49,7952.8,1,11048.74,0.0
2014-12-01,259.47,1187.75,-928.28,14394.49,13466.21,7999.92,0,11454.67,0.0
2014-12-02,393.57,205.24,188.33,13466.21,13654.54,7835.68,0,11455.1,0.0
2014-12-03,219.21,251.24,-32.03,13654.54,13622.51,7836.05,0,11456.89,0.0
2014-12-04,358.67,201.9,156.77,13622.51,13779.28,7860.88,0,11454.46,0.0
2014-12-05,354.93,1539.57,-1184.64,13779.28,12594.63,7854.18,0,12043.67,0.0
2014-12-06,172.18,15.68,156.5,12594.63,12751.14,8127.98,1,12041.86,0.0
2014-12-07,450.6,17.6,433.0,12751.14,13184.14,8033.93,1,11975.53,0.0
2014-12-08,288.46,167.2,121.26,13184.14,13305.4,7973.98,0,11914.41,0.0
2014-12-09,138.78,148.4,-9.62,13305.4,13295.78,8155.72,0,11910.94,0.0
2014-12-10,368.57,142.01,226.56,13295.78,13522.34,8290.65,0,11904.3,0.0
2014-12-11,463.7,202.8,260.9,13522.34,13783.24,8019.63,0,11352.82,0.0
2014-12-12,438.84,252.06,186.78,13783.24,13970.03,8002.87,0,11442.88,0.0
2014-12-13,428.97,28.95,400.02,13970.03,14370.05,7949.77,1,11445.26,0.0
2014-12-14,506.25,32.7,473.55,14370.05,14843.6,7773.03,1,11344.71,0.0
2014-12-15,221.81,262.87,-41.06,14843.6,14802.54,7931.01,0,11356.7,0.0
2014-12-16,82.66,245.69,-163.03,14802.54,14639.51,8262.08,0,11369.24,0.0
2014-12-17,298.85,260.29,38.56,14639.51,14678.07,8300.64,0,11387.19,0.0
2014-12-18,559.99,266.62,293.37,14678.07,14971.44,7817.66,0,11404.21,0.0
2014-12-19,324.03,1610.82,-1286.79,14971.44,13684.65,7596.35,0,10765.34,0.0
2014-12-20,140.51,17.79,122.72,13684.65,13807.37,7744.79,1,10762.9,0.0
2014-12-21,539.05,36.75,502.3,13807.37,14309.67,7262.63,1,10690.9,0.0
2014-12-22,64.06,258.34,-194.28,14309.67,14115.38,7451.32,0,10703.47,0.0
2014-12-23,300.24,272.63,27.61,14115.38,14142.99,7185.0,0,10734.98,0.0
2014-12-24,348.02,199.3,148.72,14142.99,14291.72,6901.42,0,10724.02,0.0
2014-12-25,311.78,149.88,161.9,14291.72,14453.62,6899.43,0,10143.53,0.0
2014-12-26,51.92,200.25,-148.33,14453.62,14305.29,7165.9,0,10210.55,0.0
2014-12-27,377.37,30.01,347.36,14305.29,14652.65,6991.42,1,10214.63,0.0
2014-12-28,190.13,26.88,163.25,14652.65,14815.9,6952.78,1,10150.94,0.0
2014-12-29,520.49,247.72,272.77,14815.9,15088.67,6812.13,0,10162.28,0.0
2014-12-30,192.05,232.92,-40.87,15088.67,15047.8,6809.28,0,9769.94,0.0
2014-12-31,138.75,147.96,-9.21,15047.8,15038.59,7099.43,0,9737.96,0.0
2015-01-01,262.64,1067.11,-804.47,15038.59,14234.12,7418.54,0,10094.11,0.0
2015-01-02,344.66,1495.85,-1151.19,14234.12,13082.92,7388.56,0,10663.76,0.0
2015-01-03,313.17,11.18,301.99,13082.92,13384.91,7406.28,1,10658.6,0.0
2015-01-04,352.76,29.84,322.92,13384.91,13707.83,7108.23,1,10581.92,0.0
2015-01-05,334.19,211.53,122.66,13707.83,13830.49,7294.12,0,10594.93,0.0
2015-01-06,393.73,206.38,187.35,13830.49,14017.84,7282.96,0,10563.16,0.0
2015-01-07,539.98,240.16,299.82,14017.84,14317.65,7047.2,0,10580.06,0.0
2015-01-08,239.34,201.45,37.89,14317.65,14355.54,7180.29,0,10079.96,0.0
2015-01-09,247.85,121.73,126.12,14355.54,14481.66,7192.32,0,10119.28,0.0
2015-01-10,162.47,27.21,135.26,14481.66,14616.92,7328.4,1,10124.48,0.0
2015-01-11,129.53,24.85,104.68,14616.92,14721.6,7411.66,1,10046.35,0.0
2015-01-12,214.92,233.39,-18.47,14721.6,14703.13,7332.69,0,10074.44,0.0
2015-01-13,372.78,171.38,201.4,14703.13,14904.52,7303.7,0,9394.76,0.0
2015-01-14,321.87,225.4,96.47,14904.52,15000.99,7325.08,0,9408.54,0.0
2015-01-15,181.2,1747.29,-1566.09,15000.99,13434.89,7447.89,0,10031.51,0.0
2015-01-16,375.4,1508.42,-1133.02,13434.89,12301.87,7304.5,0,10608.85,0.0
2015-01-17,270.78,23.78,247.0,12301.87,12548.88,7549.35,1,10612.26,0.0
2015-01-18,336.27,21.68,314.59,12548.88,12863.46,7992.59,1,10558.31,0.0
2015-01-19,125.91,159.58,-33.67,12863.46,12829.8,8330.6,0,10534.6,0.0
2015-01-20,141.62,111.9,29.72,12829.8,12859.52,8402.31,0,10497.2,0.0
2015-01-21,316.21,182.9,133.31,12859.52,12992.83,8515.03,0,10460.4,0.0
2015-01-22,235.77,185.29,50.48,12992.83,13043.31,8591.96,0,9947.7,0.0
2015-01-23,143.87,156.19,-12.32,13043.31,13030.99,8976.52,0,10000.37,0.0
2015-01-24,223.95,15.58,208.37,13030.99,13239.35,8973.21,1,9999.33,0.0
2015-01-25,376.38,23.89,352.49,13239.35,13591.84,9118.54,1,9953.97,0.0
2015-01-26,572.82,197.62,375.2,13591.84,13967.04,9005.17,0,9961.35,0.0
2015-01-27,229.55,122.86,106.69,13967.04,14073.73,9223.84,0,9942.38,0.0
2015-01-28,81.25,181.16,-99.91,14073.73,13973.82,9345.21,0,9927.77,0.0
2015-01-29,507.08,175.33,331.75,13973.82,14305.57,9390.25,0,9926.77,0.0
2015-01-30,254.17,1504.01,-1249.84,14305.57,13055.73,9497.06,0,10141.59,0.0
2015-01-31,46.75,25.32,21.43,13055.73,13077.16,9818.92,1,10142.37,0.0
2015-02-01,519.11,1011.04,-491.93,13077.16,12585.23,9528.99,1,10457.07,0.0
2015-02-02,151.19,179.18,-27.99,12585.23,12557.24,9759.71,0,10450.52,0.0
2015-02-03,121.11,177.89,-56.78,12557.24,12500.46,9809.72,0,10432.45,0.0
2015-02-04,534.88,157.68,377.2,12500.46,12877.66,9536.79,0,10401.63,0.0
2015-02-05,148.59,198.93,-50.34,12877.66,12827.32,9715.48,0,9919.58,0.0
2015-02-06,299.84,133.21,166.63,12827.32,12993.95,9912.69,0,9963.12,0.0
2015-02-07,288.66,15.43,273.23,12993.95,13267.17,10087.19,1,9961.34,0.0
2015-02-08,373.02,22.82,350.2,13267.17,13617.38,9809.99,1,9916.08,0.0
2015-02-09,224.66,204.48,20.18,13617.38,13637.56,9870.34,0,9914.13,0.0
2015-02-10,320.01,246.51,73.5,13637.56,13711.06,10029.79,0,9922.35,0.0
2015-02-11,419.57,191.21,228.36,13711.06,13939.41,9916.37,0,9924.89,0.0
2015-02-12,701.18,231.54,469.64,13939.41,14409.05,9389.11,0,9943.87,0.0
2015-02-13,452.04,1513.05,-1061.01,14409.05,13348.04,9180.97,0,10521.98,0.0
2015-02-14,289.72,22.73,266.99,13348.04,13615.03,9116.52,1,10520.78,0.0
2015-02-15,599.45,27.97,571.48,13615.03,14186.51,9128.22,1,10454.01,0.0
2015-02-16,209.35,279.12,-69.77,14186.51,14116.74,8968.58,0,10496.03,0.0
2015-02-17,202.87,153.59,49.28,14116.74,14166.02,8969.53,0,10460.17,0.0
2015-02-18,415.85,159.68,256.17,14166.02,14422.19,8878.48,0,10451.54,0.0
2015-02-19,361.44,134.15,227.29,14422.19,14649.48,8616.32,0,9882.44,0.0
2015-02-20,283.38,286.18,-2.8,14649.48,14646.68,8830.27,0,9986.76,0.0
2015-02-21,380.34,34.95,345.39,14646.68,14992.07,9072.0,1,9995.85,0.0
2015-02-22,539.04,23.53,515.51,14992.07,15507.59,9108.11,1,9958.26,0.0
2015-02-23,238.79,270.65,-31.86,15507.59,15475.73,9344.55,0,10017.05,0.0
2015-02-24,413.96,273.97,139.99,15475.73,15615.72,9081.04,0,10066.5,0.0
2015-02-25,112.31,285.34,-173.03,15615.72,15442.69,9257.02,0,10101.71,0.0
2015-02-26,450.08,179.84,270.24,15442.69,15712.93,9215.5,0,10086.86,0.0
2015-02-27,339.16,1701.96,-1362.8,15712.93,14350.14,9076.75,0,10738.9,0.0
2015-02-28,240.23,32.08,208.15,14350.14,14558.29,9139.58,1,10740.64,0.0
2015-03-01,378.61,1003.58,-624.97,14558.29,13933.32,9109.81,1,10669.02,0.0
2015-03-02,153.01,273.91,-120.9,13933.32,13812.42,9391.3,0,10695.72,0.0
2015-03-03,368.37,286.17,82.2,13812.42,13894.62,9497.71,0,10709.31,0.0
2015-03-04,137.57,232.61,-95.04,13894.62,13799.58,9739.07,0,10721.25,0.0
2015-03-05,32.39,339.85,-307.46,13799.58,13492.12,9938.69,0,10254.69,0.0
2015-03-06,124.72,196.71,-71.99,13492.12,13420.13,10411.58,0,10325.09,0.0
2015-03-07,165.42,29.89,135.53,13420.13,13555.66,10564.88,1,10329.87,0.0
2015-03-08,359.73,23.34,336.39,13555.66,13892.05,10392.77,1,10273.93,0.0
2015-03-09,96.43,234.58,-138.15,13892.05,13753.9,10468.65,0,10307.44,0.0
2015-03-10,212.02,254.87,-42.85,13753.9,13711.05,10609.55,0,10351.33,0.0
2015-03-11,141.61,236.29,-94.68,13711.05,13616.37,10722.47,0,10364.36,0.0
2015-03-12,46.5,167.72,-121.22,13616.37,13495.15,10762.65,0,10331.56,0.0
2015-03-13,436.85,1515.28,-1078.43,13495.15,12416.72,10586.45,0,10909.57,0.0
2015-03-14,132.72,17.91,114.81,12416.72,12531.53,10825.83,1,10903.82,0.0
2015-03-15,367.86,20.7,347.16,12531.53,12878.69,10937.44,1,10809.64,0.0
2015-03-16,41.66,178.37,-136.71,12878.69,12741.98,11206.45,0,10783.46,0.0
2015-03-17,82.35,209.22,-126.87,12741.98,12615.11,11427.36,0,10763.6,0.0
2015-03-18,64.42,147.32,-82.9,12615.11,12532.21,11696.52,0,10717.21,0.0
2015-03-19,327.43,161.33,166.1,12532.21,12698.32,11726.22,0,10153.52,0.0
2015-03-20,383.98,2877.46,-2493.48,12698.32,10204.84,11833.02,0,11265.61,1060.77
2015-03-21,336.09,15.41,320.68,10204.84,10525.52,11677.14,1,11257.31,731.79
2015-03-22,116.73,17.72,99.01,10525.52,10624.53,11650.12,1,11163.74,539.21
2015-03-23,195.35,108.59,86.76,10624.53,10711.29,11712.9,0,11099.95,388.66
2015-03-24,377.83,110.4,267.43,10711.29,10978.72,11593.4,0,11065.37,86.65
2015-03-25,148.98,148.82,0.16,10978.72,10978.88,11849.17,0,11064.96,86.08
2015-03-26,324.56,118.56,206.0,10978.88,11184.88,11878.53,0,11033.19,0.0
2015-03-27,261.02,1401.83,-1140.81,11184.88,10044.07,11722.34,0,11566.68,1522.61
2015-03-28,194.71,14.09,180.62,10044.07,10224.69,11811.58,1,11561.71,1337.02
2015-03-29,79.77,13.5,66.27,10224.69,10290.96,11934.32,1,11470.62,1179.66
2015-03-30,235.79,68.1,167.69,10290.96,10458.65,11807.48,0,11406.52,947.87
2015-03-31,125.49,113.08,12.41,10458.65,10471.06,11834.96,0,11392.96,921.9
2015-04-01,316.16,1039.55,-723.39,10471.06,9747.66,11801.58,0,11382.24,1634.58
2015-04-02,95.31,67.96,27.35,9747.66,9775.01,11973.09,0,10826.95,1051.94
2015-04-03,0.0,52.12,-52.12,9775.01,9722.89,12299.53,0,10842.87,1119.98
2015-04-04,188.43,10.82,177.61,9722.89,9900.5,12498.77,1,10835.48,934.98
2015-04-05,56.4,12.21,44.19,9900.5,9944.69,12599.94,1,10757.96,813.27
2015-04-06,92.15,117.39,-25.24,9944.69,9919.46,12679.77,0,10723.35,803.89
2015-04-07,58.65,86.72,-28.07,9919.46,9891.39,13227.57,0,10663.68,772.29
2015-04-08,369.33,86.7,282.63,9891.39,10174.02,13285.71,0,10619.06,445.04
2015-04-09,158.8,72.9,85.9,10174.02,10259.92,13660.99,0,10600.07,340.15
2015-04-10,124.84,1478.62,-1353.78,10259.92,8906.14,13876.66,0,11164.51,2258.37
2015-04-11,123.86,12.15,111.71,8906.14,9017.85,14113.9,1,11159.57,2141.72
2015-04-12,371.1,8.67,362.43,9017.85,9380.28,14246.33,1,11072.18,1691.9
2015-04-13,83.02,90.42,-7.4,9380.28,9372.88,14500.82,0,11040.69,1667.81
2015-04-14,330.82,71.79,259.03,9372.88,9631.91,14333.7,0,10980.95,1349.04
2015-04-15,102.88,1670.53,-1567.65,9631.91,8064.26,15414.84,0,10951.1,2886.84
